"V1","V2","V3","V4","V5","V6","V7","V8","V9","V10","V11","V12","V13","V14","V15","V16","V17","V18"
36.9023275710871,0.905101772494201,30.0451022904134,21.9393019417533,1.26135902461582,2.20285169122711,0.0400253879896678,0.0388490307282684,0.0383126581784511,0.00316357026358854,0.00240428639012448,0.0020704167800695,24.9841425711636,25.7406679459921,26.1010341632325,1.97472390573186,1.59303685201674,1.41050038493854
NA,NA,NA,NA,NA,NA,NA,NA,NA,NA,NA,NA,NA,NA,NA,NA,NA,NA
NA,NA,NA,NA,NA,NA,NA,NA,NA,NA,NA,NA,NA,NA,NA,NA,NA,NA
NA,NA,NA,NA,NA,NA,NA,NA,NA,NA,NA,NA,NA,NA,NA,NA,NA,NA
11.59613884942,0.960052848953649,12.1634277790563,2.01295065925024,0.0391783374143574,0.382228149741864,0.148622650420434,0.135164294217617,0.129316033300144,0.0156373787012423,0.0121150365211044,0.0106671597505742,6.72844951406215,7.39840359311151,7.7329931523571,0.707935922458245,0.663133190960232,0.637887439021822
NA,NA,NA,NA,NA,NA,NA,NA,NA,NA,NA,NA,NA,NA,NA,NA,NA,NA
12.336242213386,1,11.3108528998209,2.16779043049091,0.199999800192675,0.319975254356565,0.154758784448008,0.141549511245298,0.135785747324825,0.0160693704973663,0.0126110112911964,0.0111812701039698,6.46166874188623,7.06466586286584,7.36454318440223,0.670947044556975,0.629409315378973,0.606432914790141
12.4349128421804,0.960006637026334,11.4585198359385,2.24982070866514,0.0391761791822649,0.325288754032861,0.151588344712025,0.138746938388007,0.133140304827026,0.0154432310530594,0.012017795153259,0.0105989651670748,6.59681324378676,7.20736624258688,7.51087359533377,0.672057679178548,0.624277927169096,0.597921776690154
14.7628984955174,0.959992607728231,7.14372228642463,2.83732668937492,0.0391753283288091,0.179492296520359,0.222872136950569,0.206859475748052,0.199795831642076,0.0211230339322888,0.0167664690806322,0.0149317381158053,4.4868776047218,4.83419962457011,5.00510942486253,0.42525041125076,0.39182376462018,0.374056768646105
14.1163829101714,1,7.338553453935,2.59894927959331,0.199999800199788,0.188215694284977,0.222268432695057,0.205597115776775,0.198262029038537,0.0210809167985832,0.0167188433080844,0.0148942452896825,4.49906443247367,4.86388146167255,5.04383015169096,0.426711080032515,0.395523408582689,0.378912915615222
10.1422800112624,1,7.03771684155701,1.8018012257319,0.199999800192675,0.246602359978273,0.280748114106199,0.251876839432319,0.23945758278494,0.0355143463615045,0.0273036111132565,0.0239750924403689,3.56191172711397,3.97019433090317,4.1761049634336,0.450578153262249,0.430371614553166,0.418122079804527
NA,NA,NA,NA,NA,NA,NA,NA,NA,NA,NA,NA,NA,NA,NA,NA,NA,NA
19.7477910376933,1,4.75550955652798,4.7192971399967,0.199999800196232,0.109233887479184,0.29832981826739,0.282157663783852,0.274924589618497,0.0279748906529943,0.0228476923955694,0.0206401861990484,3.35199480161822,3.54411780488109,3.63736107194946,0.314322210864716,0.286984632399051,0.27307782800508
10.5861080138806,1,4.53128824583406,2.07970856657707,0.199999800196232,0.162667310581646,0.423767390612602,0.381922120471148,0.363861278524339,0.0573523828180437,0.0443109809723029,0.0389926495385828,2.35978516080341,2.61833485519607,2.7483001325548,0.319371676322447,0.303781791441105,0.294517471961178
17.4141624311829,1,4.33514345875184,3.67761165694478,0.199999800192675,0.111658526790676,0.342961325197142,0.321956137902031,0.312613026821012,0.0290889335569175,0.0232946484156895,0.0208404271729553,2.915780662514,3.10601315606629,3.19884302381472,0.247307622542162,0.224730874573625,0.213251686129179
17.8462199886948,1,4.61282048986155,3.63397827130308,0.199999800196232,0.117791732183855,0.319236046335251,0.300142856590947,0.291640619102714,0.0279735301302533,0.0227541694927156,0.0205302127618875,3.13247833845754,3.33174679337067,3.4288776476908,0.274488041651742,0.252583493421228,0.241377856960246
14.0252878896376,0.879997635892982,4.0018228876517,4.54583066135795,0.0649894705995867,0.121571719561816,0.405179836138869,0.374592127745022,0.361135499413597,0.0668579420130893,0.052472538678945,0.0464163697000772,2.46803989440695,2.66957024970018,2.76904375677211,0.407246495083968,0.373951073202752,0.355902310735796
NA,NA,NA,NA,NA,NA,NA,NA,NA,NA,NA,NA,NA,NA,NA,NA,NA,NA
10.0150552653418,0.799998881081769,3.59529521477184,3.75518042653664,0.0799988692471545,0.235489228679479,0.542105397370323,0.485662585286847,0.461396362886742,0.160425691658852,0.124062497653636,0.109196971353114,1.84465973748068,2.05904269815096,2.16733394633513,0.545891658146355,0.525982415872564,0.512934912121711
15.0263428696516,0.839998652823373,4.07902179944551,4.61971296637503,0.0733194178913102,0.116726272216115,0.383724632725167,0.356613992333875,0.344639655098488,0.0542402619602126,0.0425806327293056,0.0376525061532725,2.60603546063258,2.80415244913823,2.90158136246459,0.368368444471362,0.334823052713952,0.317003016014503
NA,NA,NA,NA,NA,NA,NA,NA,NA,NA,NA,NA,NA,NA,NA,NA,NA,NA
NA,NA,NA,NA,NA,NA,NA,NA,NA,NA,NA,NA,NA,NA,NA,NA,NA,NA
NA,NA,NA,NA,NA,NA,NA,NA,NA,NA,NA,NA,NA,NA,NA,NA,NA,NA
160.455265223535,0.0400007046961309,4.47243590777569,50443.2930863743,0.0391807135095124,151.911777150182,0.228755667245424,0.227120235771013,0.22631993264908,7.95760794595657,7.80605136888007,7.74407393547786,4.37147639681047,4.40295421764276,4.41852376100937,152.06834317901,151.328157445199,151.190283111201
NA,NA,NA,NA,NA,NA,NA,NA,NA,NA,NA,NA,NA,NA,NA,NA,NA,NA
NA,NA,NA,NA,NA,NA,NA,NA,NA,NA,NA,NA,NA,NA,NA,NA,NA,NA
NA,NA,NA,NA,NA,NA,NA,NA,NA,NA,NA,NA,NA,NA,NA,NA,NA,NA
NA,NA,NA,NA,NA,NA,NA,NA,NA,NA,NA,NA,NA,NA,NA,NA,NA,NA
NA,NA,NA,NA,NA,NA,NA,NA,NA,NA,NA,NA,NA,NA,NA,NA,NA,NA
NA,NA,NA,NA,NA,NA,NA,NA,NA,NA,NA,NA,NA,NA,NA,NA,NA,NA
NA,NA,NA,NA,NA,NA,NA,NA,NA,NA,NA,NA,NA,NA,NA,NA,NA,NA
NA,NA,NA,NA,NA,NA,NA,NA,NA,NA,NA,NA,NA,NA,NA,NA,NA,NA
NA,NA,NA,NA,NA,NA,NA,NA,NA,NA,NA,NA,NA,NA,NA,NA,NA,NA
NA,NA,NA,NA,NA,NA,NA,NA,NA,NA,NA,NA,NA,NA,NA,NA,NA,NA
NA,NA,NA,NA,NA,NA,NA,NA,NA,NA,NA,NA,NA,NA,NA,NA,NA,NA
NA,NA,NA,NA,NA,NA,NA,NA,NA,NA,NA,NA,NA,NA,NA,NA,NA,NA
NA,NA,NA,NA,NA,NA,NA,NA,NA,NA,NA,NA,NA,NA,NA,NA,NA,NA
NA,NA,NA,NA,NA,NA,NA,NA,NA,NA,NA,NA,NA,NA,NA,NA,NA,NA
NA,NA,NA,NA,NA,NA,NA,NA,NA,NA,NA,NA,NA,NA,NA,NA,NA,NA
NA,NA,NA,NA,NA,NA,NA,NA,NA,NA,NA,NA,NA,NA,NA,NA,NA,NA
NA,NA,NA,NA,NA,NA,NA,NA,NA,NA,NA,NA,NA,NA,NA,NA,NA,NA
NA,NA,NA,NA,NA,NA,NA,NA,NA,NA,NA,NA,NA,NA,NA,NA,NA,NA
NA,NA,NA,NA,NA,NA,NA,NA,NA,NA,NA,NA,NA,NA,NA,NA,NA,NA
NA,NA,NA,NA,NA,NA,NA,NA,NA,NA,NA,NA,NA,NA,NA,NA,NA,NA
NA,NA,NA,NA,NA,NA,NA,NA,NA,NA,NA,NA,NA,NA,NA,NA,NA,NA
NA,NA,NA,NA,NA,NA,NA,NA,NA,NA,NA,NA,NA,NA,NA,NA,NA,NA
NA,NA,NA,NA,NA,NA,NA,NA,NA,NA,NA,NA,NA,NA,NA,NA,NA,NA
NA,NA,NA,NA,NA,NA,NA,NA,NA,NA,NA,NA,NA,NA,NA,NA,NA,NA
12.3620277665717,0.956918343770875,21.5868590584515,2.51629386074522,0.0644725049764507,0.698674413846292,0.0807059137325453,0.0738305438907373,0.0708298545204375,0.00902940158194909,0.00698298587641048,0.00613647666064526,12.3906657362674,13.5445297745593,14.1183404479739,1.38627136012882,1.28105869378859,1.22316877865445
20.1750184162761,1,20.9677512245437,3.40242185422368,0.199999800199788,0.37022673913267,0.0671622685115507,0.0635964840869969,0.0620002827863111,0.00405084436969103,0.00329068633129514,0.00296557506422798,14.8893124392905,15.7241396966544,16.1289586927624,0.898038270593816,0.813617487098402,0.771474508851432
17.730046535695,1,19.830134321267,3.06802357231329,0.199999800185563,0.394574175578441,0.0744481877767932,0.0699672365344172,0.0679724537212489,0.00509646874620597,0.00408859485554689,0.00366128497536709,13.4321604039329,14.2924038383036,14.7118420073658,0.919519839729509,0.835188749779217,0.792442278491772
13.5908880960438,1,21.0633099103532,2.22915161487419,0.199999800192675,0.557341916827599,0.0789182667458338,0.0727792431153033,0.0700841844268727,0.00685294445326227,0.00542447082348717,0.0048307949364656,12.6713375905812,13.7401813648393,14.2685544274746,1.10032792454063,1.02409986326611,0.983509489945617
18.4882094907439,1,8.86987435159539,3.3925026467386,0.199999800192675,0.177958304671569,0.163804039752477,0.15433724653222,0.150115005554023,0.0117467705784606,0.00948512086848046,0.00852145006213777,6.10485554270268,6.47931735513526,6.66155922460478,0.437793460913026,0.398200108137028,0.378151031996691
19.4308111160741,0.962157682317589,8.76936664131009,3.78384594719645,0.0393581873548688,0.173761674210085,0.162382891548202,0.153440085928847,0.149442735927776,0.0115754903829182,0.00932451695137423,0.00835949106939709,6.15828422850296,6.517201772578,6.69152631469013,0.438994275706393,0.396048777189228,0.374308956009223
15.5937768177652,0.975746252560532,9.21964319857931,3.18255065297807,0.0426268041677298,0.227078630083614,0.168638978081493,0.15714619049458,0.152061681219068,0.0153539438048631,0.0121401593435386,0.0107828494938606,5.92982720469738,6.3635013795291,6.57627873099305,0.539888433322188,0.491605431141365,0.466330657516648
16.1741075168311,1,9.49058530006189,2.83130908185359,0.199999800192675,0.216837491832041,0.161496003413495,0.150872084727989,0.146163415610578,0.0128237967545598,0.0102994352904147,0.0092337368913115,6.19210369831628,6.6281313856233,6.84165730407046,0.491691915787253,0.452476085457908,0.432215292605231
NA,NA,NA,NA,NA,NA,NA,NA,NA,NA,NA,NA,NA,NA,NA,NA,NA,NA
66.7752968672967,0.959995594877035,4.97486340810085,1265.75771625889,0.0391844300283244,0.476090444360472,0.222778525785217,0.219136424684011,0.217459631411975,0.455478855947096,0.379562505216324,0.344995893133631,4.48876298321549,4.56336732445084,4.59855465360147,9.17744033454922,7.90413157643002,7.29552634455392
NA,NA,NA,NA,NA,NA,NA,NA,NA,NA,NA,NA,NA,NA,NA,NA,NA,NA
63.1383301264038,0.958338148629479,5.02083225429435,1185.39037612716,0.0408635718977671,0.393757147115188,0.222044037490034,0.218206643972092,0.216441164112562,0.435873730430886,0.35692246184723,0.321023436786035,4.50361113634894,4.58281187866992,4.62019322479685,8.84061472039572,7.4961443342981,6.85262581044193
NA,NA,NA,NA,NA,NA,NA,NA,NA,NA,NA,NA,NA,NA,NA,NA,NA,NA
NA,NA,NA,NA,NA,NA,NA,NA,NA,NA,NA,NA,NA,NA,NA,NA,NA,NA
13.7129805254244,0.963717424420822,4.00243977990839,4.84737780892781,0.0399894810576728,0.118667259765028,0.412327868942703,0.380525201527867,0.366555224913541,0.0759828812871807,0.0594890129386653,0.0525532258629838,2.42525445239541,2.62794683764662,2.72810188488207,0.446920606215861,0.410837344804444,0.391129480059263
NA,NA,NA,NA,NA,NA,NA,NA,NA,NA,NA,NA,NA,NA,NA,NA,NA,NA
58.1518355038205,0.799996941468097,3.95763839453959,840.859493203847,0.0799994469189529,0.61009893585469,0.283450420239889,0.27813371581073,0.275689281763952,0.514692835426181,0.428887110999352,0.38992824692007,3.5279538451687,3.595392946465,3.62727195486769,6.40610293075531,5.5441595393137,5.13032565290257
4.94552835189786,0.720077909475295,3.47697382535485,1.14509258933254,0.0898091125347191,0.327152139163959,1.08754405545837,0.87041624743714,0.784554771414255,0.363749928180749,0.248502680057417,0.206341981469021,0.919502980114701,1.14887561318439,1.27460827011144,0.307545373725332,0.328002458329051,0.335228597969646
7.22055088674962,0.719996725115522,3.41319306774901,1.99821670207713,0.0898000273890942,0.272886419542486,0.728580435936169,0.625506359472146,0.582557893075445,0.214115841803933,0.158447812032758,0.136663772806812,1.37253205092596,1.59870476911519,1.7165675924856,0.403360893309296,0.404969939820281,0.402694060548258
8.68945972702557,0.560001130220921,4.12763257838747,2.66629419215865,0.0992770978707013,0.240916571355907,0.501737529793837,0.441966552407533,0.416561217582031,0.120374035553044,0.0895134131551761,0.0771929057526676,1.99307394926367,2.26261465840046,2.40060754048251,0.478167049865876,0.45825721341375,0.444856275140682
NA,NA,NA,NA,NA,NA,NA,NA,NA,NA,NA,NA,NA,NA,NA,NA,NA,NA
NA,NA,NA,NA,NA,NA,NA,NA,NA,NA,NA,NA,NA,NA,NA,NA,NA,NA
NA,NA,NA,NA,NA,NA,NA,NA,NA,NA,NA,NA,NA,NA,NA,NA,NA,NA
NA,NA,NA,NA,NA,NA,NA,NA,NA,NA,NA,NA,NA,NA,NA,NA,NA,NA
NA,NA,NA,NA,NA,NA,NA,NA,NA,NA,NA,NA,NA,NA,NA,NA,NA,NA
NA,NA,NA,NA,NA,NA,NA,NA,NA,NA,NA,NA,NA,NA,NA,NA,NA,NA
NA,NA,NA,NA,NA,NA,NA,NA,NA,NA,NA,NA,NA,NA,NA,NA,NA,NA
NA,NA,NA,NA,NA,NA,NA,NA,NA,NA,NA,NA,NA,NA,NA,NA,NA,NA
NA,NA,NA,NA,NA,NA,NA,NA,NA,NA,NA,NA,NA,NA,NA,NA,NA,NA
NA,NA,NA,NA,NA,NA,NA,NA,NA,NA,NA,NA,NA,NA,NA,NA,NA,NA
NA,NA,NA,NA,NA,NA,NA,NA,NA,NA,NA,NA,NA,NA,NA,NA,NA,NA
NA,NA,NA,NA,NA,NA,NA,NA,NA,NA,NA,NA,NA,NA,NA,NA,NA,NA
NA,NA,NA,NA,NA,NA,NA,NA,NA,NA,NA,NA,NA,NA,NA,NA,NA,NA
NA,NA,NA,NA,NA,NA,NA,NA,NA,NA,NA,NA,NA,NA,NA,NA,NA,NA
NA,NA,NA,NA,NA,NA,NA,NA,NA,NA,NA,NA,NA,NA,NA,NA,NA,NA
NA,NA,NA,NA,NA,NA,NA,NA,NA,NA,NA,NA,NA,NA,NA,NA,NA,NA
NA,NA,NA,NA,NA,NA,NA,NA,NA,NA,NA,NA,NA,NA,NA,NA,NA,NA
NA,NA,NA,NA,NA,NA,NA,NA,NA,NA,NA,NA,NA,NA,NA,NA,NA,NA
NA,NA,NA,NA,NA,NA,NA,NA,NA,NA,NA,NA,NA,NA,NA,NA,NA,NA
NA,NA,NA,NA,NA,NA,NA,NA,NA,NA,NA,NA,NA,NA,NA,NA,NA,NA
NA,NA,NA,NA,NA,NA,NA,NA,NA,NA,NA,NA,NA,NA,NA,NA,NA,NA
NA,NA,NA,NA,NA,NA,NA,NA,NA,NA,NA,NA,NA,NA,NA,NA,NA,NA
NA,NA,NA,NA,NA,NA,NA,NA,NA,NA,NA,NA,NA,NA,NA,NA,NA,NA
NA,NA,NA,NA,NA,NA,NA,NA,NA,NA,NA,NA,NA,NA,NA,NA,NA,NA
NA,NA,NA,NA,NA,NA,NA,NA,NA,NA,NA,NA,NA,NA,NA,NA,NA,NA
NA,NA,NA,NA,NA,NA,NA,NA,NA,NA,NA,NA,NA,NA,NA,NA,NA,NA
NA,NA,NA,NA,NA,NA,NA,NA,NA,NA,NA,NA,NA,NA,NA,NA,NA,NA
NA,NA,NA,NA,NA,NA,NA,NA,NA,NA,NA,NA,NA,NA,NA,NA,NA,NA
NA,NA,NA,NA,NA,NA,NA,NA,NA,NA,NA,NA,NA,NA,NA,NA,NA,NA
14.7655397051452,1,17.4260357023891,2.66045493427158,0.199999800199788,0.405294167922637,0.0916110266061529,0.0850306788053684,0.0821281084491709,0.00775513012336061,0.00612505620537556,0.0054422614164345,10.9157165577799,11.7604612129342,12.1760992537518,0.924045995677333,0.847147017316453,0.806855489827606
NA,NA,NA,NA,NA,NA,NA,NA,NA,NA,NA,NA,NA,NA,NA,NA,NA,NA
17.308148865057,0.960616903784876,18.3210467171832,2.99902950966772,0.0392076663945955,0.386515387163576,0.0811603968818917,0.0761597541071922,0.0739359204417328,0.00575444029411637,0.0046058577000979,0.00411794709066966,12.3212803093514,13.1302944937629,13.525225547007,0.873604302236403,0.794071208706014,0.75330316927401
13.9133298472084,1,7.84395973937067,2.51152230683471,0.199999800199788,0.204093873949917,0.209437273806682,0.193508050706753,0.186505355953648,0.0195352705951785,0.0154562824151347,0.0137539628635271,4.77469927785173,5.16774364863727,5.36177631407288,0.44536027760528,0.412768900263482,0.395407799037287
14.1511593436585,1,7.76597615432242,2.55177500397326,0.199999800192675,0.200620060120349,0.209782862524658,0.194085213927503,0.187177547378984,0.0191241001498205,0.0151430358459676,0.0134801172616987,4.76683361055033,5.15237600930039,5.34252111966866,0.434551241548531,0.402001847651741,0.38475667714792
14.2971972985936,0.96340803154203,8.08919410465943,2.715239814532,0.0395202606159048,0.215435835597766,0.199876695551253,0.185066284746064,0.178544733277413,0.0184504703426652,0.0145124555026218,0.0128629328308206,5.00308451288949,5.40346936435308,5.6008372895898,0.46183104124435,0.423727146290065,0.403502206589384
NA,NA,NA,NA,NA,NA,NA,NA,NA,NA,NA,NA,NA,NA,NA,NA,NA,NA
NA,NA,NA,NA,NA,NA,NA,NA,NA,NA,NA,NA,NA,NA,NA,NA,NA,NA
67.2225804950362,0.959992042398627,4.82476971398432,459.705656719774,0.0391758017007281,1.17776315840364,0.229551826562825,0.225823758555712,0.224107248623337,0.216327664521155,0.187529861268672,0.17441179422709,4.35631471538876,4.4282320265841,4.46214928853429,4.10535347250339,3.6773178469879,3.47267421425725
22.1033409255732,1,4.63398031598281,4.94595727268166,0.199999800196232,0.111299039618124,0.294952611211616,0.280625373258242,0.274189357433963,0.0239832900490319,0.0198600747868007,0.0180766911671316,3.39037513820328,3.56346964777045,3.6471145684086,0.275679370935345,0.252189504047767,0.240446107468439
NA,NA,NA,NA,NA,NA,NA,NA,NA,NA,NA,NA,NA,NA,NA,NA,NA,NA
NA,NA,NA,NA,NA,NA,NA,NA,NA,NA,NA,NA,NA,NA,NA,NA,NA,NA
NA,NA,NA,NA,NA,NA,NA,NA,NA,NA,NA,NA,NA,NA,NA,NA,NA,NA
NA,NA,NA,NA,NA,NA,NA,NA,NA,NA,NA,NA,NA,NA,NA,NA,NA,NA
NA,NA,NA,NA,NA,NA,NA,NA,NA,NA,NA,NA,NA,NA,NA,NA,NA,NA
25.8998050921479,0.960121541192323,3.54434959089943,469.796438138796,0.041475327932364,7.72954149604393,0.367785473437993,0.352482662821926,0.345570794798969,2.57072506632068,2.19204665904942,2.02492869816914,2.71897633871229,2.8370189671008,2.89376305825189,19.0049393830639,17.64307469396,16.9564788186592
NA,NA,NA,NA,NA,NA,NA,NA,NA,NA,NA,NA,NA,NA,NA,NA,NA,NA
NA,NA,NA,NA,NA,NA,NA,NA,NA,NA,NA,NA,NA,NA,NA,NA,NA,NA
46.8261133156563,0.839984089975613,3.81224872095102,467.18077410515,0.073324820388464,1.82916190841402,0.302870729468394,0.295832548426139,0.292607903073462,0.579694234349323,0.496828791691683,0.459418721361084,3.30173867166108,3.38029065875309,3.41754268936797,6.31952409085427,5.67694708540256,5.36582599463203
NA,NA,NA,NA,NA,NA,NA,NA,NA,NA,NA,NA,NA,NA,NA,NA,NA,NA
NA,NA,NA,NA,NA,NA,NA,NA,NA,NA,NA,NA,NA,NA,NA,NA,NA,NA
128.846673618513,0.0800002006728314,3.44991435520003,38312.9674712283,0.0542548299340099,146.403121837728,0.299860656471629,0.297255597106669,0.296018961637907,11.7430439147004,11.8267601762878,11.8824496378182,3.33488231422789,3.36410822784661,3.37816197471569,130.599558898922,133.846096104092,135.602257743381
128.846673618513,0.0800002006728314,3.44991435520003,38312.9674712283,0.0542548299340099,146.403121837728,0.299860656471629,0.297255597106669,0.296018961637907,11.7430439147004,11.8267601762878,11.8824496378182,3.33488231422789,3.36410822784661,3.37816197471569,130.599558898922,133.846096104092,135.602257743381
NA,NA,NA,NA,NA,NA,NA,NA,NA,NA,NA,NA,NA,NA,NA,NA,NA,NA
NA,NA,NA,NA,NA,NA,NA,NA,NA,NA,NA,NA,NA,NA,NA,NA,NA,NA
NA,NA,NA,NA,NA,NA,NA,NA,NA,NA,NA,NA,NA,NA,NA,NA,NA,NA
NA,NA,NA,NA,NA,NA,NA,NA,NA,NA,NA,NA,NA,NA,NA,NA,NA,NA
NA,NA,NA,NA,NA,NA,NA,NA,NA,NA,NA,NA,NA,NA,NA,NA,NA,NA
NA,NA,NA,NA,NA,NA,NA,NA,NA,NA,NA,NA,NA,NA,NA,NA,NA,NA
NA,NA,NA,NA,NA,NA,NA,NA,NA,NA,NA,NA,NA,NA,NA,NA,NA,NA
NA,NA,NA,NA,NA,NA,NA,NA,NA,NA,NA,NA,NA,NA,NA,NA,NA,NA
NA,NA,NA,NA,NA,NA,NA,NA,NA,NA,NA,NA,NA,NA,NA,NA,NA,NA
NA,NA,NA,NA,NA,NA,NA,NA,NA,NA,NA,NA,NA,NA,NA,NA,NA,NA
NA,NA,NA,NA,NA,NA,NA,NA,NA,NA,NA,NA,NA,NA,NA,NA,NA,NA
NA,NA,NA,NA,NA,NA,NA,NA,NA,NA,NA,NA,NA,NA,NA,NA,NA,NA
NA,NA,NA,NA,NA,NA,NA,NA,NA,NA,NA,NA,NA,NA,NA,NA,NA,NA
NA,NA,NA,NA,NA,NA,NA,NA,NA,NA,NA,NA,NA,NA,NA,NA,NA,NA
NA,NA,NA,NA,NA,NA,NA,NA,NA,NA,NA,NA,NA,NA,NA,NA,NA,NA
NA,NA,NA,NA,NA,NA,NA,NA,NA,NA,NA,NA,NA,NA,NA,NA,NA,NA
NA,NA,NA,NA,NA,NA,NA,NA,NA,NA,NA,NA,NA,NA,NA,NA,NA,NA
NA,NA,NA,NA,NA,NA,NA,NA,NA,NA,NA,NA,NA,NA,NA,NA,NA,NA
NA,NA,NA,NA,NA,NA,NA,NA,NA,NA,NA,NA,NA,NA,NA,NA,NA,NA
NA,NA,NA,NA,NA,NA,NA,NA,NA,NA,NA,NA,NA,NA,NA,NA,NA,NA
NA,NA,NA,NA,NA,NA,NA,NA,NA,NA,NA,NA,NA,NA,NA,NA,NA,NA
NA,NA,NA,NA,NA,NA,NA,NA,NA,NA,NA,NA,NA,NA,NA,NA,NA,NA
NA,NA,NA,NA,NA,NA,NA,NA,NA,NA,NA,NA,NA,NA,NA,NA,NA,NA
NA,NA,NA,NA,NA,NA,NA,NA,NA,NA,NA,NA,NA,NA,NA,NA,NA,NA
13.514857681611,0.988048713816805,24.7422207229839,3.00484781772629,0.0809010547708949,0.771723808415413,0.0673163159960526,0.0620514165947934,0.0597408248851987,0.00740102226874603,0.00574200345532787,0.00504974257402229,14.8552395537902,16.11566753633,16.7389720835234,1.63324384465135,1.49128293529219,1.41490346238057
15.9161777634696,0.770089626184336,22.8663386154074,3.40825845943942,0.0872593936969052,0.607734043303229,0.0663936986526019,0.0619553318764233,0.0599886215732497,0.00586584425938472,0.00460658340056168,0.00407612073414825,15.0616703135096,16.1406608553822,16.6698279402693,1.33068972113641,1.2001114047586,1.13268532465022
10.7390077187168,1,27.6300129504693,2.9612566346343,0.294648211534132,1.91837755221898,0.0688547442273056,0.0621475515011297,0.0592494877014864,0.0108404034723245,0.0080997762413315,0.00698522345857745,14.5233274950346,16.0907385061151,16.8777830626696,2.28653423338756,2.09712817817031,1.9898076886694
15.8626686887173,1,24.7333928236514,3.14532426217458,0.0572155111125822,0.600020800431501,0.0624902406354364,0.0583014135041888,0.0564466951005491,0.00541885333264704,0.00428753076255586,0.00380918340626196,16.0024987875135,17.1522427998792,17.71582903514,1.38765978501008,1.261389119597,1.19551449147946
16.4309759958246,1,9.49712206596712,2.90374531840962,0.199999800192675,0.212814669066064,0.16031106798473,0.149924505589418,0.145317423575819,0.0127536337025879,0.0102624935472107,0.00920879498720358,6.23787248485707,6.67002366336688,6.88148726692952,0.496257318695528,0.45657028873255,0.436081261894535
15.8029110732507,1,9.34311173244257,2.79366357787983,0.1999998002069,0.216649984474,0.16569881505716,0.154551186544387,0.149616222479156,0.0133157848982159,0.0106416808708396,0.00951560495908363,6.03504617492307,6.47034825392815,6.68376719736602,0.484984619161908,0.445518295789482,0.425088183853039
NA,NA,NA,NA,NA,NA,NA,NA,NA,NA,NA,NA,NA,NA,NA,NA,NA,NA
15.3771726534376,1,9.57337806956502,2.72726926313134,0.199999800192675,0.224280022677676,0.163681997012031,0.152375949220571,0.147377967663462,0.0136991369558535,0.0109386983354073,0.00977743942208111,6.10940737683264,6.56271547521225,6.78527473172587,0.511318348395887,0.471121362732514,0.450152853261764
12.4872577502761,1,5.11675598089806,2.40243561054181,0.199999800203344,0.154882996463721,0.339793759503309,0.311126534504043,0.298607838560258,0.0378491287969577,0.0296817598499552,0.0263009586927992,2.9429616407957,3.21412637335503,3.34887391041547,0.327812183336751,0.306630635967475,0.294964106802763
NA,NA,NA,NA,NA,NA,NA,NA,NA,NA,NA,NA,NA,NA,NA,NA,NA,NA
13.8480693391457,1,4.83718214912985,2.79005215969982,0.199999800192675,0.136388096225184,0.340418284122026,0.314409774408669,0.302979239305797,0.0367842687791479,0.0291972283674237,0.0260226339485469,2.93756254185672,3.18056269682062,3.30055617768153,0.317421522683197,0.295358551020354,0.283482014923582
NA,NA,NA,NA,NA,NA,NA,NA,NA,NA,NA,NA,NA,NA,NA,NA,NA,NA
8.63245447339883,1,3.54208774572837,1.61258869618546,0.199999800196232,0.158832497362541,0.628370915005473,0.553152166344459,0.521247772334313,0.100901863147925,0.0764307737356968,0.0666744684057697,1.59141675103038,1.80782081467485,1.91847342679602,0.255544792715915,0.249792285103433,0.245398067236593
NA,NA,NA,NA,NA,NA,NA,NA,NA,NA,NA,NA,NA,NA,NA,NA,NA,NA
NA,NA,NA,NA,NA,NA,NA,NA,NA,NA,NA,NA,NA,NA,NA,NA,NA,NA
NA,NA,NA,NA,NA,NA,NA,NA,NA,NA,NA,NA,NA,NA,NA,NA,NA,NA
NA,NA,NA,NA,NA,NA,NA,NA,NA,NA,NA,NA,NA,NA,NA,NA,NA,NA
NA,NA,NA,NA,NA,NA,NA,NA,NA,NA,NA,NA,NA,NA,NA,NA,NA,NA
NA,NA,NA,NA,NA,NA,NA,NA,NA,NA,NA,NA,NA,NA,NA,NA,NA,NA
7.54915769452505,1,2.98290777764614,2.02188488529524,0.199999800196232,0.15988873903619,0.836946975112113,0.723403717989399,0.675893076503089,0.222943690116158,0.165245006687597,0.142535474307781,1.19481882333829,1.38235396796047,1.47952395839555,0.318272633053728,0.315767095191515,0.312008890889524
90.0190923808287,0.0400005777129833,2.45033096776306,32208.4378226304,0.0391805942334449,176.659284512506,0.42505983457158,0.419658352821987,0.417026177748708,31.4314079392841,30.6592088627865,30.3270943753868,2.35260995903766,2.38289073308207,2.3979310013545,173.965727481792,174.088146206282,174.383009182615
5.61025833874316,0.0800425422131232,3.39052716456983,3.48639784502995,0.0542839394912672,0.807685613169114,0.642712608041753,0.526003295833317,0.477979148390962,0.36536361690468,0.243607257843146,0.199377343377026,1.55590537277127,1.9011287722366,2.09214147388298,0.884487416995259,0.880467424215581,0.872685786473887
136.457878637875,0.0399995020908797,3.44812924773392,102980.157872882,0.0391795839011373,349.470934080723,0.297903888478462,0.295401129605779,0.294177548115097,27.4858290643697,27.9884823132851,28.2705986799772,3.35678733536336,3.38522740699918,3.39930768478889,309.71090500522,320.741418740299,326.675043565288
6.25330564863511,0.160048619742769,3.55960531759207,2.80164548309597,0.0733424660560679,0.527653992457044,0.631912189224356,0.529028204763983,0.486532287514071,0.249665050292391,0.171790329863515,0.142724706793557,1.58249835507597,1.89025838508201,2.05536205029575,0.625236446052148,0.613820035635689,0.60294240179195
NA,NA,NA,NA,NA,NA,NA,NA,NA,NA,NA,NA,NA,NA,NA,NA,NA,NA
NA,NA,NA,NA,NA,NA,NA,NA,NA,NA,NA,NA,NA,NA,NA,NA,NA,NA
NA,NA,NA,NA,NA,NA,NA,NA,NA,NA,NA,NA,NA,NA,NA,NA,NA,NA
NA,NA,NA,NA,NA,NA,NA,NA,NA,NA,NA,NA,NA,NA,NA,NA,NA,NA
NA,NA,NA,NA,NA,NA,NA,NA,NA,NA,NA,NA,NA,NA,NA,NA,NA,NA
NA,NA,NA,NA,NA,NA,NA,NA,NA,NA,NA,NA,NA,NA,NA,NA,NA,NA
NA,NA,NA,NA,NA,NA,NA,NA,NA,NA,NA,NA,NA,NA,NA,NA,NA,NA
NA,NA,NA,NA,NA,NA,NA,NA,NA,NA,NA,NA,NA,NA,NA,NA,NA,NA
NA,NA,NA,NA,NA,NA,NA,NA,NA,NA,NA,NA,NA,NA,NA,NA,NA,NA
NA,NA,NA,NA,NA,NA,NA,NA,NA,NA,NA,NA,NA,NA,NA,NA,NA,NA
NA,NA,NA,NA,NA,NA,NA,NA,NA,NA,NA,NA,NA,NA,NA,NA,NA,NA
NA,NA,NA,NA,NA,NA,NA,NA,NA,NA,NA,NA,NA,NA,NA,NA,NA,NA
NA,NA,NA,NA,NA,NA,NA,NA,NA,NA,NA,NA,NA,NA,NA,NA,NA,NA
NA,NA,NA,NA,NA,NA,NA,NA,NA,NA,NA,NA,NA,NA,NA,NA,NA,NA
NA,NA,NA,NA,NA,NA,NA,NA,NA,NA,NA,NA,NA,NA,NA,NA,NA,NA
NA,NA,NA,NA,NA,NA,NA,NA,NA,NA,NA,NA,NA,NA,NA,NA,NA,NA
NA,NA,NA,NA,NA,NA,NA,NA,NA,NA,NA,NA,NA,NA,NA,NA,NA,NA
NA,NA,NA,NA,NA,NA,NA,NA,NA,NA,NA,NA,NA,NA,NA,NA,NA,NA
NA,NA,NA,NA,NA,NA,NA,NA,NA,NA,NA,NA,NA,NA,NA,NA,NA,NA
NA,NA,NA,NA,NA,NA,NA,NA,NA,NA,NA,NA,NA,NA,NA,NA,NA,NA
NA,NA,NA,NA,NA,NA,NA,NA,NA,NA,NA,NA,NA,NA,NA,NA,NA,NA
NA,NA,NA,NA,NA,NA,NA,NA,NA,NA,NA,NA,NA,NA,NA,NA,NA,NA
NA,NA,NA,NA,NA,NA,NA,NA,NA,NA,NA,NA,NA,NA,NA,NA,NA,NA
NA,NA,NA,NA,NA,NA,NA,NA,NA,NA,NA,NA,NA,NA,NA,NA,NA,NA
NA,NA,NA,NA,NA,NA,NA,NA,NA,NA,NA,NA,NA,NA,NA,NA,NA,NA
15.2418433223666,1,19.30425194126,2.56897595310177,0.199999800192675,0.447408094090786,0.0814976530443518,0.075820146304291,0.0733115088608267,0.0065145067629835,0.00520003064660824,0.0046480658014698,12.2702919979277,13.1891067050527,13.6404231141714,0.980824566331759,0.904558516576996,0.864824434522533
17.2045470036495,1,19.1959266817274,2.96017745500573,0.204123941303225,0.403235742595428,0.0778284120066313,0.0730054539192577,0.0708614186277459,0.00565393778147346,0.00455376223177378,0.0040876811747482,12.8487781546255,13.6976067720362,14.112051654699,0.933414808052595,0.854397048926964,0.814061713737699
NA,NA,NA,NA,NA,NA,NA,NA,NA,NA,NA,NA,NA,NA,NA,NA,NA,NA
8.6998995652897,1,8.0055677177828,1.47715199525117,0.1999998002069,0.339276071173723,0.276305472773948,0.243471029055712,0.229533934302708,0.0388348814836274,0.0293635060803346,0.0255951662197964,3.61918274712613,4.10726485150386,4.35665429182775,0.508678064322019,0.495351323352238,0.485807430174847
10.6646439786356,1,8.06880786655495,1.89667795084169,0.199999800192675,0.281143654806527,0.236839003587952,0.213615624477836,0.203586500564263,0.0284969897389603,0.0220389658409292,0.0194092742156916,4.22227751700806,4.68130551051408,4.91191703393098,0.50803371596072,0.482975589867856,0.468286179938533
14.2589306011561,1,8.00749518260714,2.79239680890224,0.199999800199788,0.214440635047855,0.202706325282242,0.187648475434744,0.181019473582669,0.0196949959984732,0.0155611280219242,0.0138323717751485,4.93324516937314,5.32911337373352,5.52426752883754,0.479315303728232,0.441927467089142,0.422129844551584
8.32192173442366,1,8.11830419668228,1.41616775110383,0.199999800192675,0.356594128010726,0.282472467493125,0.247479072021034,0.232688719874996,0.0419023731576006,0.0315265863848045,0.0274178173017027,3.54016803433892,4.0407457157226,4.2975869244423,0.52515363119094,0.514754309628775,0.50638661468354
NA,NA,NA,NA,NA,NA,NA,NA,NA,NA,NA,NA,NA,NA,NA,NA,NA,NA
14.6588682471036,1,4.51429184474133,2.80063775554968,0.199999800189119,0.129081811619382,0.3548419828508,0.329175363831596,0.317858430565617,0.0342816681772008,0.0273861066339552,0.0244949549976361,2.81815582239171,3.03789441700623,3.14605467037806,0.272265085429593,0.252740969064113,0.242442736012645
18.8796164896133,1,4.56939675251813,3.77497671403109,0.199999800203344,0.115532334725891,0.315514737217409,0.297647188128885,0.289670914565653,0.025712836838775,0.0210185181981781,0.0190138072130197,3.16942406183372,3.35968233493604,3.45219333290485,0.258291845552251,0.237245796746359,0.226599686725012
NA,NA,NA,NA,NA,NA,NA,NA,NA,NA,NA,NA,NA,NA,NA,NA,NA,NA
NA,NA,NA,NA,NA,NA,NA,NA,NA,NA,NA,NA,NA,NA,NA,NA,NA,NA
NA,NA,NA,NA,NA,NA,NA,NA,NA,NA,NA,NA,NA,NA,NA,NA,NA,NA
6.75056763558757,1,3.74150009900321,1.21941896783944,0.19999980017845,0.203357263275731,0.743527343766958,0.631668661441704,0.585458920289621,0.145963446309785,0.106517843616362,0.091307015497787,1.34494044957871,1.58310845707879,1.7080617705941,0.264028142001286,0.266958469451346,0.266385936150161
NA,NA,NA,NA,NA,NA,NA,NA,NA,NA,NA,NA,NA,NA,NA,NA,NA,NA
89.3652351412963,0.0799992517664187,4.9999968905528,13163.4220089724,0.0542542422583991,0.07916533947436,0.210021971518372,0.207396350764388,0.20615350269885,1.51265307325212,1.10942003609849,0.920252164525597,4.76140659365502,4.82168560977259,4.85075435007673,34.2933468571175,25.7925204736437,21.6533657289393
138.128862255656,0.0800001739103522,3.45771693799579,57682.2168744377,0.0542548133591781,257.731933692367,0.298502973789795,0.296083267103665,0.294934121399652,21.8877488311945,21.7361646056807,21.6804597377483,3.35005037740159,3.37742828151744,3.39058768532565,245.642649054644,247.944903435699,249.240404772965
57.5934936077203,0.120000811176964,3.95213898581274,1996.6123752068,0.0649906594342833,1.65137442151224,0.274919607035892,0.269645770838884,0.267184723322523,0.905610325259143,0.707178857922101,0.615801098400989,3.63742699468301,3.70856919761411,3.74272895382902,11.9820171404916,9.72617416373598,8.62615411586599
138.128862255656,0.0800001739103522,3.45771693799579,57682.2168744377,0.0542548133591781,257.731933692367,0.298502973789795,0.296083267103665,0.294934121399652,21.8877488311945,21.7361646056807,21.6804597377483,3.35005037740159,3.37742828151744,3.39058768532565,245.642649054644,247.944903435699,249.240404772965
NA,NA,NA,NA,NA,NA,NA,NA,NA,NA,NA,NA,NA,NA,NA,NA,NA,NA
NA,NA,NA,NA,NA,NA,NA,NA,NA,NA,NA,NA,NA,NA,NA,NA,NA,NA
NA,NA,NA,NA,NA,NA,NA,NA,NA,NA,NA,NA,NA,NA,NA,NA,NA,NA
NA,NA,NA,NA,NA,NA,NA,NA,NA,NA,NA,NA,NA,NA,NA,NA,NA,NA
NA,NA,NA,NA,NA,NA,NA,NA,NA,NA,NA,NA,NA,NA,NA,NA,NA,NA
NA,NA,NA,NA,NA,NA,NA,NA,NA,NA,NA,NA,NA,NA,NA,NA,NA,NA
NA,NA,NA,NA,NA,NA,NA,NA,NA,NA,NA,NA,NA,NA,NA,NA,NA,NA
NA,NA,NA,NA,NA,NA,NA,NA,NA,NA,NA,NA,NA,NA,NA,NA,NA,NA
NA,NA,NA,NA,NA,NA,NA,NA,NA,NA,NA,NA,NA,NA,NA,NA,NA,NA
NA,NA,NA,NA,NA,NA,NA,NA,NA,NA,NA,NA,NA,NA,NA,NA,NA,NA
NA,NA,NA,NA,NA,NA,NA,NA,NA,NA,NA,NA,NA,NA,NA,NA,NA,NA
NA,NA,NA,NA,NA,NA,NA,NA,NA,NA,NA,NA,NA,NA,NA,NA,NA,NA
NA,NA,NA,NA,NA,NA,NA,NA,NA,NA,NA,NA,NA,NA,NA,NA,NA,NA
NA,NA,NA,NA,NA,NA,NA,NA,NA,NA,NA,NA,NA,NA,NA,NA,NA,NA
NA,NA,NA,NA,NA,NA,NA,NA,NA,NA,NA,NA,NA,NA,NA,NA,NA,NA
NA,NA,NA,NA,NA,NA,NA,NA,NA,NA,NA,NA,NA,NA,NA,NA,NA,NA
NA,NA,NA,NA,NA,NA,NA,NA,NA,NA,NA,NA,NA,NA,NA,NA,NA,NA
NA,NA,NA,NA,NA,NA,NA,NA,NA,NA,NA,NA,NA,NA,NA,NA,NA,NA
NA,NA,NA,NA,NA,NA,NA,NA,NA,NA,NA,NA,NA,NA,NA,NA,NA,NA
NA,NA,NA,NA,NA,NA,NA,NA,NA,NA,NA,NA,NA,NA,NA,NA,NA,NA
NA,NA,NA,NA,NA,NA,NA,NA,NA,NA,NA,NA,NA,NA,NA,NA,NA,NA
NA,NA,NA,NA,NA,NA,NA,NA,NA,NA,NA,NA,NA,NA,NA,NA,NA,NA
NA,NA,NA,NA,NA,NA,NA,NA,NA,NA,NA,NA,NA,NA,NA,NA,NA,NA
NA,NA,NA,NA,NA,NA,NA,NA,NA,NA,NA,NA,NA,NA,NA,NA,NA,NA
NA,NA,NA,NA,NA,NA,NA,NA,NA,NA,NA,NA,NA,NA,NA,NA,NA,NA
NA,NA,NA,NA,NA,NA,NA,NA,NA,NA,NA,NA,NA,NA,NA,NA,NA,NA
NA,NA,NA,NA,NA,NA,NA,NA,NA,NA,NA,NA,NA,NA,NA,NA,NA,NA
NA,NA,NA,NA,NA,NA,NA,NA,NA,NA,NA,NA,NA,NA,NA,NA,NA,NA
14.5594924750846,1,23.2732781071793,2.42924223808429,0.199999800192675,0.564689896111829,0.0690500083419297,0.0640226282304062,0.061806792373258,0.00578504343909872,0.00461056964790866,0.00411889099173327,14.4822574828389,15.619477482261,16.1794515068973,1.21333060844195,1.12483181003968,1.07822125213181
13.7429731029008,1,23.3650316145428,2.25681611582767,0.19999980017845,0.607011648191281,0.0707449406148781,0.0653002114239509,0.0629083692025884,0.00617085671903622,0.00489789921331687,0.0043677933044837,14.1352864432216,15.313886099199,15.8961361210879,1.23297618975329,1.14863136033554,1.10368521385852
17.5905431035243,0.961585953984025,20.849921704583,3.22421333744635,0.0392936860063209,0.420520846837655,0.0708678019002789,0.0665692659787796,0.0646562308554444,0.00509900436432716,0.00406226381787847,0.00362107435034445,14.1107805404652,15.0219472198893,15.4664134727519,1.01528380492371,0.916685977653545,0.866196998758204
13.2068084262194,1,21.7376099768873,2.17990147396423,0.199999800214013,0.587231394295606,0.0776087824074182,0.0714032622452677,0.0686837442631994,0.0069939021841617,0.00552288220503144,0.00491268633668641,12.8851396579109,14.0049623582328,14.5594858103244,1.16117536703008,1.08325243074654,1.0413845048323
NA,NA,NA,NA,NA,NA,NA,NA,NA,NA,NA,NA,NA,NA,NA,NA,NA,NA
13.2490444899457,0.960076656208994,7.87837443992029,2.38637461961488,0.0391754652041046,0.222961905459594,0.213120460451704,0.196130425355957,0.188682616626186,0.0208423441759831,0.0163953390019026,0.0145426548310843,4.69218205460199,5.09864799500181,5.29990530066253,0.458876980235073,0.426216698289981,0.408488576229933
13.7417403647846,1,7.94923010127706,2.46782399187602,0.199999800192675,0.209440251531304,0.207948729197766,0.191943032364081,0.184911847323514,0.0196363837091095,0.0155341025652617,0.013823502207991,4.80887766834568,5.20987913800998,5.4079823141372,0.454097351160048,0.421639670300473,0.404285915382477
NA,NA,NA,NA,NA,NA,NA,NA,NA,NA,NA,NA,NA,NA,NA,NA,NA,NA
20.1098115272613,1,4.42105064037896,4.01873507371796,0.19999980019801,0.110741855652849,0.31888479688034,0.301901131716497,0.294299489719064,0.0228379407530356,0.0186029098702548,0.0167985396566114,3.13592874223868,3.31234266766201,3.39789919770025,0.224589430169237,0.20410394540614,0.193951217775551
18.6922231778021,1,4.37641745516969,3.78771249585529,0.199999800196232,0.110904294536821,0.330637848053705,0.311731639621548,0.303295330463656,0.0253064006916498,0.0204289225521513,0.0183579473120595,3.02445713909187,3.20788740345391,3.29711637324344,0.231486276260024,0.210224677227957,0.199568811591001
17.5770797082177,1,4.33480752431789,3.63153365537207,0.199999800196232,0.111243767368883,0.341729347349446,0.320987595782564,0.311757676474693,0.0280906099638263,0.0225230156825969,0.0201651943242859,2.92629242339382,3.11538518353649,3.20761949251048,0.240545155817707,0.218599940521235,0.207476111306249
NA,NA,NA,NA,NA,NA,NA,NA,NA,NA,NA,NA,NA,NA,NA,NA,NA,NA
NA,NA,NA,NA,NA,NA,NA,NA,NA,NA,NA,NA,NA,NA,NA,NA,NA,NA
NA,NA,NA,NA,NA,NA,NA,NA,NA,NA,NA,NA,NA,NA,NA,NA,NA,NA
NA,NA,NA,NA,NA,NA,NA,NA,NA,NA,NA,NA,NA,NA,NA,NA,NA,NA
8.03340843997574,1,4.52884083527287,1.41612629268391,0.199999800192675,0.210650564395798,0.52167418480231,0.454882129242479,0.426751002623251,0.0845587422247237,0.063449060945308,0.0551138113368103,1.91690528136628,2.19837170052232,2.34328682030732,0.310713284801869,0.306639041281236,0.302629558990087
5.83570883963535,0.360037933567287,3.32999054452424,1.72791699997507,0.0960098377352805,0.355427139195046,0.823005530136256,0.681127038666235,0.623439536383917,0.264874475034998,0.184168851223658,0.154011714556618,1.21505866410696,1.46815490096851,1.60400478577316,0.391052081677718,0.396972056870948,0.396246167907162
9.66351668403298,0.440000600728346,2.98049791430298,3.25960575728312,0.0992771596455704,0.182310232291709,0.629736322375553,0.561797846872016,0.532618889029529,0.143271562558043,0.107277584895089,0.0927667540983022,1.58796620818647,1.77999970197076,1.87751508742409,0.361278827109749,0.339898186161797,0.327008643550505
7.51087339528574,0.479986776127104,3.24794300856346,2.04294522317877,0.099920076495706,0.238341728488355,0.700246102670345,0.604623034860165,0.564553001626362,0.167574899047365,0.12214443073167,0.104436739210198,1.42806935474051,1.65392309314063,1.77131287429029,0.341749246501607,0.33412139967897,0.327675417859796
8.13446755120387,0.480000157285092,3.0756890385177,2.34356178022335,0.099919848121495,0.209968476754399,0.694322262886554,0.606294228416404,0.569097170216045,0.161832384548698,0.119060079390654,0.102198242006967,1.44025340026205,1.64936420821938,1.75716916606767,0.335693747093432,0.323891312783258,0.315551735414165
NA,NA,NA,NA,NA,NA,NA,NA,NA,NA,NA,NA,NA,NA,NA,NA,NA,NA
NA,NA,NA,NA,NA,NA,NA,NA,NA,NA,NA,NA,NA,NA,NA,NA,NA,NA
NA,NA,NA,NA,NA,NA,NA,NA,NA,NA,NA,NA,NA,NA,NA,NA,NA,NA
NA,NA,NA,NA,NA,NA,NA,NA,NA,NA,NA,NA,NA,NA,NA,NA,NA,NA
NA,NA,NA,NA,NA,NA,NA,NA,NA,NA,NA,NA,NA,NA,NA,NA,NA,NA
NA,NA,NA,NA,NA,NA,NA,NA,NA,NA,NA,NA,NA,NA,NA,NA,NA,NA
NA,NA,NA,NA,NA,NA,NA,NA,NA,NA,NA,NA,NA,NA,NA,NA,NA,NA
NA,NA,NA,NA,NA,NA,NA,NA,NA,NA,NA,NA,NA,NA,NA,NA,NA,NA
NA,NA,NA,NA,NA,NA,NA,NA,NA,NA,NA,NA,NA,NA,NA,NA,NA,NA
NA,NA,NA,NA,NA,NA,NA,NA,NA,NA,NA,NA,NA,NA,NA,NA,NA,NA
NA,NA,NA,NA,NA,NA,NA,NA,NA,NA,NA,NA,NA,NA,NA,NA,NA,NA
NA,NA,NA,NA,NA,NA,NA,NA,NA,NA,NA,NA,NA,NA,NA,NA,NA,NA
NA,NA,NA,NA,NA,NA,NA,NA,NA,NA,NA,NA,NA,NA,NA,NA,NA,NA
NA,NA,NA,NA,NA,NA,NA,NA,NA,NA,NA,NA,NA,NA,NA,NA,NA,NA
NA,NA,NA,NA,NA,NA,NA,NA,NA,NA,NA,NA,NA,NA,NA,NA,NA,NA
NA,NA,NA,NA,NA,NA,NA,NA,NA,NA,NA,NA,NA,NA,NA,NA,NA,NA
NA,NA,NA,NA,NA,NA,NA,NA,NA,NA,NA,NA,NA,NA,NA,NA,NA,NA
NA,NA,NA,NA,NA,NA,NA,NA,NA,NA,NA,NA,NA,NA,NA,NA,NA,NA
NA,NA,NA,NA,NA,NA,NA,NA,NA,NA,NA,NA,NA,NA,NA,NA,NA,NA
NA,NA,NA,NA,NA,NA,NA,NA,NA,NA,NA,NA,NA,NA,NA,NA,NA,NA
NA,NA,NA,NA,NA,NA,NA,NA,NA,NA,NA,NA,NA,NA,NA,NA,NA,NA
NA,NA,NA,NA,NA,NA,NA,NA,NA,NA,NA,NA,NA,NA,NA,NA,NA,NA
NA,NA,NA,NA,NA,NA,NA,NA,NA,NA,NA,NA,NA,NA,NA,NA,NA,NA
NA,NA,NA,NA,NA,NA,NA,NA,NA,NA,NA,NA,NA,NA,NA,NA,NA,NA
NA,NA,NA,NA,NA,NA,NA,NA,NA,NA,NA,NA,NA,NA,NA,NA,NA,NA
NA,NA,NA,NA,NA,NA,NA,NA,NA,NA,NA,NA,NA,NA,NA,NA,NA,NA
NA,NA,NA,NA,NA,NA,NA,NA,NA,NA,NA,NA,NA,NA,NA,NA,NA,NA
NA,NA,NA,NA,NA,NA,NA,NA,NA,NA,NA,NA,NA,NA,NA,NA,NA,NA
14.1175760657772,0.923323295748874,25.4705667790213,3.47172012181226,0.107500755770749,0.817879145860518,0.0636758872994239,0.0588995487089265,0.0567976905353279,0.00729427935536488,0.00565813479496642,0.00497273508668208,15.7045318473175,16.9780587783764,17.6063496697635,1.79900504410552,1.63098270242532,1.54146606888479
23.221110017571,0.96719420042962,24.3006392147726,4.27170460507944,0.0401166353357567,0.384623200300464,0.0553263351611255,0.0527650402641755,0.0516123562604759,0.0030906947042437,0.00250962121438657,0.00225804578955353,18.0745751022135,18.9519423275972,19.3752053278332,1.00969987235153,0.901396005405132,0.847667186350725
18.4829981373486,1,22.5595277095129,3.0300109801785,0.199999800185563,0.440785271730701,0.0644106701030278,0.060687139518297,0.0590264452782823,0.00418706580379202,0.00339503727363488,0.00305815486389628,15.5253779909517,16.4779557569772,16.9415589111874,1.00923929486962,0.921830793678738,0.877740655768334
12.7954310771338,0.985606221462286,24.4058620353158,2.84518195267281,0.0789061277100216,0.783892145839575,0.0702163076529282,0.0644288776532408,0.0618975257098651,0.00823301764879023,0.00636779305418727,0.00559277855565406,14.2417058576035,15.5209905313274,16.1557346361039,1.66987156678893,1.53400865108072,1.45975861211588
13.3524286464888,0.96175801360564,9.98308034313522,2.4977837613113,0.0393108604501925,0.269044571410534,0.167537325040011,0.154280443710826,0.14846637262285,0.0163973498358334,0.0128297689055631,0.0113424798177452,5.96881918558256,6.48170290379992,6.73553197490928,0.584185143635649,0.539010313751352,0.514578716631407
12.5620087130654,1,9.09730697519444,2.25533000785668,0.199999800192675,0.253693219205214,0.190488109058647,0.174508787587934,0.167528070598873,0.0194483633448427,0.0152362703036243,0.0134934428322939,5.24967151462522,5.73037045195276,5.96914890994229,0.535978437510074,0.500315625090564,0.480781335843172
9.02837490926856,0.934083899671098,10.0713818669833,1.78296788620258,0.0567643793571767,0.427820453258645,0.211770279414634,0.187462728599988,0.177108377883293,0.031551817537192,0.0236303255411633,0.0204603013845196,4.72209793916387,5.33439370838253,5.64626028396555,0.703549020103682,0.672418783377402,0.652279629490504
17.7154463799813,1,9.16691719421834,3.25732344281829,0.199999800199788,0.187844267700041,0.161100136145523,0.151395957642018,0.147076116262003,0.0122283012195388,0.00986147112177784,0.00885463420516539,6.20731939727657,6.60519617283665,6.79920047806123,0.471166401046478,0.430242341516971,0.40934201045647
14.8938529462794,1,5.08036378006798,3.08119249125864,0.199999800192675,0.131791248483625,0.312969052954295,0.290675336168337,0.280836988683539,0.0313763431281382,0.0249253626132739,0.0222128130185232,3.19520409625304,3.44026436223291,3.56078451306445,0.32033141661169,0.29500210731508,0.28164039558579
NA,NA,NA,NA,NA,NA,NA,NA,NA,NA,NA,NA,NA,NA,NA,NA,NA,NA
12.9667016817601,1,5.0951993636631,2.54854125731018,0.199999800196232,0.148265227093198,0.334323690064896,0.307117205182761,0.295207767162629,0.0371314820355542,0.029257334559723,0.0259831841714778,2.9911131927441,3.25608589530148,3.38744474649647,0.33220638884767,0.31018905091084,0.298151371709792
14.5162018488327,1,4.94257345396477,2.99291817807929,0.199999800192675,0.13217841451039,0.325598626952149,0.301824452018316,0.291347641967412,0.0337815762130188,0.0268353227326944,0.023918938155844,3.07126602271257,3.31318418144371,3.43232570288608,0.318650628806144,0.29457642078815,0.281785655321105
9.06418084403995,1,4.0584521225952,1.72464833389719,0.199999800199788,0.166156839164644,0.527915887464794,0.467552748021076,0.441833946399119,0.0806110254486189,0.0611971002678262,0.0534155905359599,1.89424115421548,2.13879611280762,2.26329372867307,0.289244414714585,0.279943002627855,0.2736212825173
NA,NA,NA,NA,NA,NA,NA,NA,NA,NA,NA,NA,NA,NA,NA,NA,NA,NA
NA,NA,NA,NA,NA,NA,NA,NA,NA,NA,NA,NA,NA,NA,NA,NA,NA,NA
NA,NA,NA,NA,NA,NA,NA,NA,NA,NA,NA,NA,NA,NA,NA,NA,NA,NA
54.1478692785169,0.160002264530354,3.91965105021541,1282.10170428166,0.0733208007118564,1.88496857681428,0.280161203978563,0.274470086582512,0.271828570399276,0.755612607951012,0.606894300205282,0.538814102115609,3.56937358134896,3.64338428442685,3.67878916675738,9.62682784858714,8.0560660843142,7.29203511922044
3.61513451497666,0.201350988113795,4.01564058572081,1.54426169168362,0.0806057102075759,0.885238881131718,1.07883478605206,0.793909243549713,0.687363923768464,0.686345287684008,0.41102096832016,0.319304791990544,0.926925988046275,1.25958981851479,1.45483340836032,0.589702234440836,0.652112103616976,0.67582144301461
47.3006718431271,0.199984338355801,3.08924399193135,670.11256727683,0.0799944475682014,1.28450586937357,0.362032801745379,0.353645538224929,0.349771406638982,0.42376773539998,0.296552427583019,0.23875088911408,2.76218065097678,2.82769013577649,2.85901014496635,3.23319609048385,2.3711832430464,1.9515352059679
50.1233791763242,0.200000264982571,2.97582696987002,2394.08910629275,0.0799992258543364,1.15119091595596,0.373470432529955,0.365300080054237,0.361522473758739,2.02816409586622,1.59784972940673,1.40183129705769,2.67758813790377,2.73747544717627,2.76607976705578,14.5408783448423,11.9739212810431,10.7256878038639
NA,NA,NA,NA,NA,NA,NA,NA,NA,NA,NA,NA,NA,NA,NA,NA,NA,NA
NA,NA,NA,NA,NA,NA,NA,NA,NA,NA,NA,NA,NA,NA,NA,NA,NA,NA
NA,NA,NA,NA,NA,NA,NA,NA,NA,NA,NA,NA,NA,NA,NA,NA,NA,NA
NA,NA,NA,NA,NA,NA,NA,NA,NA,NA,NA,NA,NA,NA,NA,NA,NA,NA
NA,NA,NA,NA,NA,NA,NA,NA,NA,NA,NA,NA,NA,NA,NA,NA,NA,NA
NA,NA,NA,NA,NA,NA,NA,NA,NA,NA,NA,NA,NA,NA,NA,NA,NA,NA
NA,NA,NA,NA,NA,NA,NA,NA,NA,NA,NA,NA,NA,NA,NA,NA,NA,NA
NA,NA,NA,NA,NA,NA,NA,NA,NA,NA,NA,NA,NA,NA,NA,NA,NA,NA
NA,NA,NA,NA,NA,NA,NA,NA,NA,NA,NA,NA,NA,NA,NA,NA,NA,NA
NA,NA,NA,NA,NA,NA,NA,NA,NA,NA,NA,NA,NA,NA,NA,NA,NA,NA
NA,NA,NA,NA,NA,NA,NA,NA,NA,NA,NA,NA,NA,NA,NA,NA,NA,NA
NA,NA,NA,NA,NA,NA,NA,NA,NA,NA,NA,NA,NA,NA,NA,NA,NA,NA
NA,NA,NA,NA,NA,NA,NA,NA,NA,NA,NA,NA,NA,NA,NA,NA,NA,NA
NA,NA,NA,NA,NA,NA,NA,NA,NA,NA,NA,NA,NA,NA,NA,NA,NA,NA
NA,NA,NA,NA,NA,NA,NA,NA,NA,NA,NA,NA,NA,NA,NA,NA,NA,NA
NA,NA,NA,NA,NA,NA,NA,NA,NA,NA,NA,NA,NA,NA,NA,NA,NA,NA
NA,NA,NA,NA,NA,NA,NA,NA,NA,NA,NA,NA,NA,NA,NA,NA,NA,NA
NA,NA,NA,NA,NA,NA,NA,NA,NA,NA,NA,NA,NA,NA,NA,NA,NA,NA
NA,NA,NA,NA,NA,NA,NA,NA,NA,NA,NA,NA,NA,NA,NA,NA,NA,NA
NA,NA,NA,NA,NA,NA,NA,NA,NA,NA,NA,NA,NA,NA,NA,NA,NA,NA
NA,NA,NA,NA,NA,NA,NA,NA,NA,NA,NA,NA,NA,NA,NA,NA,NA,NA
NA,NA,NA,NA,NA,NA,NA,NA,NA,NA,NA,NA,NA,NA,NA,NA,NA,NA
NA,NA,NA,NA,NA,NA,NA,NA,NA,NA,NA,NA,NA,NA,NA,NA,NA,NA
NA,NA,NA,NA,NA,NA,NA,NA,NA,NA,NA,NA,NA,NA,NA,NA,NA,NA
NA,NA,NA,NA,NA,NA,NA,NA,NA,NA,NA,NA,NA,NA,NA,NA,NA,NA
NA,NA,NA,NA,NA,NA,NA,NA,NA,NA,NA,NA,NA,NA,NA,NA,NA,NA
NA,NA,NA,NA,NA,NA,NA,NA,NA,NA,NA,NA,NA,NA,NA,NA,NA,NA
NA,NA,NA,NA,NA,NA,NA,NA,NA,NA,NA,NA,NA,NA,NA,NA,NA,NA
18.5029350335204,0.920385905435426,19.7161818844829,3.28343303117353,0.0542789627702819,0.395965770111582,0.0733399900240093,0.0691040473727162,0.067214401477872,0.00509234925482856,0.00410614798068571,0.00368484236385705,13.6351259343317,14.4709324275386,14.877763961481,0.946752561166929,0.859859765456185,0.815631973495729
16.9704902598523,0.920505888897417,19.277571613462,3.02620372300372,0.0542854960877786,0.418676314502403,0.077549239872701,0.0726786852157672,0.0705145272009316,0.00575819108811325,0.00460028121653117,0.00410897290848608,12.8950329060804,13.7591922175149,14.1814749342429,0.957482802959845,0.870903942812988,0.826372927966091
21.9568357000019,0.800024697903269,18.7271374669209,4.11600177898863,0.0800014090526948,0.347139061629587,0.072397325456445,0.0688561898197573,0.0672650444604863,0.00433733801629468,0.0035177277284125,0.00316498508978102,13.8126649526799,14.523022586897,14.8665626852805,0.827519475724866,0.741952748010311,0.699508186051195
20.0700799413541,0.960068867628958,18.7513448045538,3.40377532734941,0.0391792641871624,0.347308611715429,0.0750826295973296,0.071075764450754,0.0692823432186377,0.00455717380739067,0.00369040391626754,0.00331876074400089,13.3186597933907,14.0694934163229,14.4336919558891,0.808382017059057,0.730517835505989,0.691402282729378
20.6134320325053,1,7.08562162681086,4.23173466802862,0.199999800196232,0.132711015506188,0.197304566201055,0.187046153226757,0.182450112459389,0.0141318400775885,0.0114543051555089,0.0103037259062522,5.06830642216861,5.34627407593727,5.48095030756743,0.363014892160761,0.327394355106213,0.309532336887618
19.4643818993214,1,7.34395511581678,3.68581719729676,0.1999998002069,0.147250888509237,0.194166964605622,0.183492406688317,0.178721012246559,0.0136996480328431,0.0111030190892382,0.00999302346969636,5.1502066895423,5.44981679649892,5.59531298211552,0.363378080748348,0.329765253050283,0.312856855764891
16.5433847845654,1,7.36854521309253,3.05932718464219,0.199999800196232,0.16762641018622,0.206031369174858,0.192770304311734,0.186886228578609,0.0166231480797301,0.0133279852153037,0.0119345515400819,4.85362983318965,5.18752099069614,5.3508490572347,0.391603510496659,0.358661067195645,0.341705134414998
NA,NA,NA,NA,NA,NA,NA,NA,NA,NA,NA,NA,NA,NA,NA,NA,NA,NA
NA,NA,NA,NA,NA,NA,NA,NA,NA,NA,NA,NA,NA,NA,NA,NA,NA,NA
NA,NA,NA,NA,NA,NA,NA,NA,NA,NA,NA,NA,NA,NA,NA,NA,NA,NA
NA,NA,NA,NA,NA,NA,NA,NA,NA,NA,NA,NA,NA,NA,NA,NA,NA,NA
NA,NA,NA,NA,NA,NA,NA,NA,NA,NA,NA,NA,NA,NA,NA,NA,NA,NA
NA,NA,NA,NA,NA,NA,NA,NA,NA,NA,NA,NA,NA,NA,NA,NA,NA,NA
NA,NA,NA,NA,NA,NA,NA,NA,NA,NA,NA,NA,NA,NA,NA,NA,NA,NA
NA,NA,NA,NA,NA,NA,NA,NA,NA,NA,NA,NA,NA,NA,NA,NA,NA,NA
NA,NA,NA,NA,NA,NA,NA,NA,NA,NA,NA,NA,NA,NA,NA,NA,NA,NA
15.4452364842396,0.12000113094046,8.03377923585906,7.90112008187205,0.0649908924809276,0.566138058010655,0.169613890218068,0.157795156059255,0.152491378363039,0.0293378176895817,0.0222850370943992,0.0194099316291695,5.89574355445963,6.33733014988419,6.55774779357873,1.01977644238265,0.895006164933159,0.834705789147431
353.03430316527,0.0799975146422154,9.49305734661508,153671.326119462,0.0542531664226637,150.928733936863,0.106652010973018,0.106312912491954,0.106151279756795,1.94233216277747,1.85918417817508,1.822689924711,9.37628827507985,9.40619513246502,9.42051760742891,170.7597083075,164.494121712919,161.756717092467
NA,NA,NA,NA,NA,NA,NA,NA,NA,NA,NA,NA,NA,NA,NA,NA,NA,NA
9.39385710311084,0.200000582576593,4.18255875057456,4.13442623762387,0.0799993591934305,0.36288941839116,0.420026650314532,0.373266560422423,0.353127032993458,0.11599695225688,0.0852048318453944,0.0729161567269163,2.38080131165763,2.67905059287472,2.83184210374097,0.657495651465604,0.611541668808655,0.584738701287937
NA,NA,NA,NA,NA,NA,NA,NA,NA,NA,NA,NA,NA,NA,NA,NA,NA,NA
NA,NA,NA,NA,NA,NA,NA,NA,NA,NA,NA,NA,NA,NA,NA,NA,NA,NA
NA,NA,NA,NA,NA,NA,NA,NA,NA,NA,NA,NA,NA,NA,NA,NA,NA,NA
NA,NA,NA,NA,NA,NA,NA,NA,NA,NA,NA,NA,NA,NA,NA,NA,NA,NA
25.0364836040904,0.440074388192233,21.2075610491388,13.846969587916,0.0992944352996244,0.781942562269942,0.0601252324233711,0.0575334655252539,0.0563611645839486,0.00975588498000373,0.00795860939557164,0.00716965587880398,16.6319523383878,17.3811883374391,17.7427135755955,2.69869084020612,2.40434132631597,2.25703552494429
29.7002388309109,0.560023361307763,21.3633188055773,14.2742578858889,0.0992813019766851,0.564462600771614,0.0579210723464018,0.0558109770656455,0.054852627267369,0.00705000570736807,0.00581462061390608,0.00526803707154667,17.2648737236669,17.9176221699862,18.2306673320438,2.10143654732252,1.86673268771553,1.75087021586246
NA,NA,NA,NA,NA,NA,NA,NA,NA,NA,NA,NA,NA,NA,NA,NA,NA,NA
189.771264247258,0.48000509135863,21.8726895522782,714.43226424215,0.099919798685121,0.483828876197093,0.0472304265686506,0.0469567576569006,0.0468294927449898,0.00681634115676008,0.00574994985576047,0.00525614098646135,21.172792046383,21.2961893005201,21.3540643168079,3.05567796681888,2.60776141086006,2.3967795955918
15.112332601144,1,7.32539603658991,2.77834691166297,0.19999980017845,0.178911037222049,0.215602356782724,0.200458402275023,0.193770017100028,0.0188823833775931,0.0150356014472534,0.0134194835886353,4.63816822284445,4.9885661496395,5.16075714378339,0.406209244928515,0.374172853659348,0.357406666069411
14.628335135881,1,7.25404610919815,2.66099570398742,0.199999800199788,0.18388309730918,0.22104028019709,0.205019744826377,0.197956782408543,0.0198695870605886,0.0157979855476579,0.0140918547748101,4.52406230714308,4.8775789904863,5.05160766826469,0.406673615320951,0.375846348187185,0.359606378596257
16.8129067088301,1,7.0009243538079,3.18016539400619,0.199999800199788,0.158449322698964,0.21540367882837,0.201754429205933,0.195693347721952,0.017526548217272,0.0140670977784572,0.0126018532081533,4.64244624529734,4.95652067682384,5.11003573519951,0.377737550290997,0.34558775872354,0.329065453542639
16.0577657101487,1,7.16066113702957,2.99153215688984,0.199999800199788,0.167773211773363,0.214706559043755,0.200483348481935,0.194181714442513,0.01797803927,0.0143827670914169,0.0128653570565851,4.65751956742136,4.9879454207645,5.14981548530948,0.389988410492996,0.357837485231448,0.341196982343317
NA,NA,NA,NA,NA,NA,NA,NA,NA,NA,NA,NA,NA,NA,NA,NA,NA,NA
NA,NA,NA,NA,NA,NA,NA,NA,NA,NA,NA,NA,NA,NA,NA,NA,NA,NA
NA,NA,NA,NA,NA,NA,NA,NA,NA,NA,NA,NA,NA,NA,NA,NA,NA,NA
NA,NA,NA,NA,NA,NA,NA,NA,NA,NA,NA,NA,NA,NA,NA,NA,NA,NA
5.23836658123101,1,3.25430945212028,0.904086681816167,0.199999800185563,0.233282849514223,1.14856561459293,0.930909791459835,0.844093138816626,0.279279673125038,0.194877036044955,0.163665352286496,0.870651173337117,1.07421794160293,1.18470338640822,0.211703338499907,0.224877222741001,0.22970794119158
6.45855452184429,1,2.86655697711708,1.17861463377978,0.199999800199788,0.171464280995625,1.01641804145241,0.857162770102697,0.79173286913359,0.209678970445966,0.151890090998949,0.129768403310203,0.983847156600108,1.16663956354543,1.26305227304043,0.2029598555505,0.206729685014969,0.207019669335116
6.30314422271254,1,3.77429619181866,1.14202324150286,0.199999800199788,0.22266114520241,0.792588965206502,0.665601341917302,0.613591467346337,0.172637141084543,0.12509426828456,0.106913266873977,1.26168801724291,1.50240081716098,1.62974886910472,0.274813581565182,0.282363810072109,0.283970337028506
7.34656388668434,1,3.99086082492421,1.38975741301674,0.199999800185563,0.199148742359397,0.641546947056835,0.552287427645157,0.515049335029514,0.124701570100149,0.0924855109815868,0.0798817306389344,1.55873238051807,1.81065139263409,1.94156157864508,0.302980750057759,0.303209906427341,0.301127073652746
5.32483840617339,0.520169673696093,3.76508915148644,1.30418876432616,0.0999528980440415,0.360120890747187,0.859325012244804,0.698617880701189,0.634250290225838,0.26954385416319,0.185996186888201,0.155106582571214,1.16370405347298,1.43139766047259,1.57666463131444,0.365018207556929,0.381087450125638,0.385575011305095
13.1968053653517,0.319998369739329,4.31716000280471,4.61790432786721,0.0932945929120786,0.223125973954205,0.358532654607535,0.329736816100942,0.31706504174704,0.058697854456392,0.0450405209465372,0.0393968325421405,2.78914622461556,3.03272170764781,3.15392701286135,0.45663037117021,0.414255730414142,0.391890363223849
9.49856380229619,0.640001466711153,4.38198126232912,2.2908268927016,0.0959998411583085,0.205978304703512,0.450495151106397,0.401158415896285,0.380028438111888,0.0779372496947189,0.0587403563144738,0.0510098080929358,2.2197797191469,2.49278080771597,2.63138202227271,0.384029718884955,0.365009998685842,0.353200651620217
4.52439659441347,0.402184880446543,5.37459434677274,1.26418986573563,0.0985759192280827,0.676324010661676,0.69993192438942,0.548429556442513,0.489333365327073,0.272574957353608,0.179064607897145,0.145777795477629,1.4287103719013,1.82338823327955,2.04359659663018,0.556383635496223,0.595344096978287,0.608809919395559
NA,NA,NA,NA,NA,NA,NA,NA,NA,NA,NA,NA,NA,NA,NA,NA,NA,NA
NA,NA,NA,NA,NA,NA,NA,NA,NA,NA,NA,NA,NA,NA,NA,NA,NA,NA
NA,NA,NA,NA,NA,NA,NA,NA,NA,NA,NA,NA,NA,NA,NA,NA,NA,NA
NA,NA,NA,NA,NA,NA,NA,NA,NA,NA,NA,NA,NA,NA,NA,NA,NA,NA
62.8061526050129,1,21.9575364547599,12.785070633373,0.199999800199788,0.134185611803721,0.0508364821659614,0.0499533829407817,0.0495471572746321,0.00118797401865926,0.000998502692040911,0.000913579132075162,19.6709126476413,20.0186642251131,20.1827926162778,0.459680374271855,0.400146875808882,0.372141999167176
63.3262120028799,1,21.9117185361314,12.874781790618,0.199999800189119,0.133149034815261,0.0508967962104629,0.0500198472885522,0.0496164081412297,0.00118220199019426,0.000994363924964985,0.000910150095913309,19.6476020978788,19.9920642346476,20.1546229858793,0.456363386933229,0.39742999105609,0.36971100349466
59.8740394221223,0.965783789885201,22.0368552048173,13.311579153742,0.0400672153883367,0.145184629402792,0.0508973913444812,0.0499702729635114,0.0495440357809232,0.00131373616549927,0.00109350003626804,0.000994554870486714,19.6473723620106,20.0118978883747,20.1840642216121,0.507127437127539,0.437920582957572,0.405178122076814
58.905554264829,0.92651599337578,22.0658056623701,13.378893025965,0.0552308066558094,0.151297583309596,0.0508907108334673,0.0499485402963155,0.0495154396814349,0.00135210982502824,0.00112355921359347,0.00102096037888571,19.6499515063242,20.0206050881084,20.1957208990499,0.522077449064768,0.45035020393018,0.416416192476925
NA,NA,NA,NA,NA,NA,NA,NA,NA,NA,NA,NA,NA,NA,NA,NA,NA,NA
NA,NA,NA,NA,NA,NA,NA,NA,NA,NA,NA,NA,NA,NA,NA,NA,NA,NA
NA,NA,NA,NA,NA,NA,NA,NA,NA,NA,NA,NA,NA,NA,NA,NA,NA,NA
NA,NA,NA,NA,NA,NA,NA,NA,NA,NA,NA,NA,NA,NA,NA,NA,NA,NA
NA,NA,NA,NA,NA,NA,NA,NA,NA,NA,NA,NA,NA,NA,NA,NA,NA,NA
12.7640121405499,1,4.30610262886469,2.52197459055084,0.199999800196232,0.132821841077498,0.39894901492021,0.3659898290893,0.351576544011728,0.0442351551010375,0.0347123442820666,0.0307652795117231,2.50658596111586,2.73231636651849,2.84433082079173,0.277928293133445,0.259146836506687,0.248897812484747
13.6940310958992,1,4.38096049856075,2.65452183895514,0.199999800196232,0.130369474377504,0.377983186762104,0.348792692765671,0.335972164354724,0.0387441844988722,0.03066206091398,0.0272935234410709,2.64562032128001,2.86703254036297,2.97643705668481,0.271182437292247,0.252038325969266,0.241798170195217
9.06589058620155,0.96493851819041,4.47422418268007,1.81454918478856,0.0397865601316806,0.187517483432965,0.476906807794109,0.422382438771266,0.399149365887024,0.0736918157507331,0.0554552542602154,0.0481422619679581,2.09684572259602,2.36752267189198,2.50532779321273,0.324005374051965,0.31083577271472,0.302172963918956
9.16206252157698,1,3.23735805040349,1.83021634085542,0.199999800196232,0.137557157270753,0.656446034754298,0.582141135950587,0.550451756356197,0.103661493711475,0.0787307564315009,0.0687261350520557,1.52335446793321,1.71779648996473,1.8166896343826,0.24055777815325,0.232320667099842,0.226821071453636
NA,NA,NA,NA,NA,NA,NA,NA,NA,NA,NA,NA,NA,NA,NA,NA,NA,NA
10.0820764442921,0.960538649678328,3.33642480793375,2.05981316847564,0.0392078898211932,0.134285056336301,0.592239350294264,0.530986735713461,0.504648904014097,0.0846609045508457,0.064630366714952,0.0565033813086151,1.68850651261713,1.88328621553295,1.98157568964435,0.241372831148644,0.229228849898789,0.221868562268252
NA,NA,NA,NA,NA,NA,NA,NA,NA,NA,NA,NA,NA,NA,NA,NA,NA,NA
4.63014155001084,0.720001450699807,1.75279888996273,1.06315456112927,0.0897993886934799,0.174452704264869,2.36185546407332,1.86185239223345,1.66636145847063,0.825608505714175,0.554451844789579,0.456650042059911,0.423395933921957,0.537099505939038,0.600109895075099,0.148001979650315,0.159945983444069,0.164454240965297
3.87984401929509,0.600029593784853,2.16728092265836,0.924374209827458,0.0979840265046921,0.266729557714111,2.39856093245389,1.80551901435677,1.5814178949837,0.992715206570166,0.632480736413079,0.507986531367411,0.416916654677992,0.553857362923568,0.632343925771946,0.172553257818545,0.194018512119908,0.203122905402214
5.60192686623523,0.560001826656142,1.58856005480847,1.47120809036316,0.0992770161547417,0.16517852991601,1.94731905967383,1.59951503389465,1.45917451228765,0.641179793419976,0.449393744808381,0.377726726030397,0.513526530247949,0.625189497322263,0.685318987947663,0.169085200981501,0.175650896342263,0.177403933130724
3.40266427336549,0.760101236530604,2.03438123260317,0.707496074828157,0.0854272835049287,0.253645832434829,3.45184524205838,2.4974378764075,2.14762544981247,1.45444266080138,0.893798731722312,0.706182400300623,0.289700125548991,0.400410360332355,0.465630540971341,0.122065791450926,0.143301371223032,0.15310867782142
NA,NA,NA,NA,NA,NA,NA,NA,NA,NA,NA,NA,NA,NA,NA,NA,NA,NA
NA,NA,NA,NA,NA,NA,NA,NA,NA,NA,NA,NA,NA,NA,NA,NA,NA,NA
NA,NA,NA,NA,NA,NA,NA,NA,NA,NA,NA,NA,NA,NA,NA,NA,NA,NA
NA,NA,NA,NA,NA,NA,NA,NA,NA,NA,NA,NA,NA,NA,NA,NA,NA,NA
12.7664694355292,0.896337549519022,20.4903971993222,2.53041472917851,0.0678717563663432,0.638889370295389,0.0831149819921053,0.076248313234932,0.0732447565761678,0.00900497066773222,0.00702252998857867,0.00619988095002563,12.0315251959627,13.1150442229306,13.6528544396225,1.30353792879382,1.20790595161482,1.15566050200009
18.0208273494562,0.680947568453216,19.4423185448589,4.01751505089051,0.0934373436874981,0.477314195131054,0.0738634901614516,0.0694836673205593,0.0675306368433005,0.00610851304932278,0.00485489863837408,0.00432209804635878,13.5384883359044,14.391871335555,14.8080937296715,1.11963342765431,1.00557554379355,0.947748103247161
16.4836049336811,0.721583764911963,19.3172957335662,3.55543516807142,0.0900257132397325,0.507280514469815,0.0771647462706809,0.0721772785705358,0.0699629830374298,0.00675258440680672,0.00533697251157472,0.00473910182845894,12.9592857921436,13.854775627523,14.2932727648992,1.13404987889696,1.02445753210084,0.968187349280934
14.0472102180437,0.763590330497633,19.1254050406376,2.92852145098943,0.085938516301374,0.582775902452847,0.0838639643764569,0.0775405086948285,0.0747573949898595,0.00830463387514511,0.00648719740384743,0.00572934988853053,11.9240726029967,12.8964849061752,13.3766030790084,1.18078197238593,1.07894627995492,1.02517268519094
20.5130051618653,1,8.09662128508247,4.01155397968755,0.199999800196232,0.148601600911797,0.172951238124982,0.163916169032877,0.159868997939844,0.012098097839011,0.00983746450207238,0.00886595987323525,5.78197653189019,6.10067942595358,6.25512146123717,0.404454565020942,0.366133601373421,0.346894373469515
18.4987945819574,1,8.06520241803152,3.52212347710948,0.199999800192675,0.162737939205885,0.180108400203959,0.16970510316699,0.165065059957109,0.0137117929122267,0.0111015672738223,0.00998696101719665,5.55221188388534,5.89257471542266,6.05821728874567,0.422694218983831,0.385473467789115,0.366541410472519
19.732116824664,1,7.99119855459128,3.84473059934651,0.199999800192675,0.152596220298666,0.177583437155698,0.167949384934809,0.163640649085737,0.0129803707208084,0.0105464048509184,0.00950243559237142,5.63115578804368,5.95417482706566,6.11095107228562,0.41160645883516,0.373893231605199,0.354856322661632
19.732116824664,1,7.99119855459128,3.84473059934651,0.199999800192675,0.152596220298666,0.177583437155698,0.167949384934809,0.163640649085737,0.0129803707208084,0.0105464048509184,0.00950243559237142,5.63115578804368,5.95417482706566,6.11095107228562,0.41160645883516,0.373893231605199,0.354856322661632
9.58335134395945,1,4.66821255742818,1.75856514614129,0.199999800199788,0.179843768539481,0.440399611450688,0.392617486242105,0.372159618339426,0.0606263706451251,0.0462819289795773,0.0405033900390879,2.2706650369331,2.54700830971995,2.68701909267317,0.312584699351959,0.300242505317662,0.292437376302758
NA,NA,NA,NA,NA,NA,NA,NA,NA,NA,NA,NA,NA,NA,NA,NA,NA,NA
9.66815036010546,1,4.55576227986041,1.77443525402989,0.199999800199788,0.175539000140875,0.448426432730294,0.400176321130356,0.379502671622792,0.0616498809652543,0.0471677384023991,0.041326207307057,2.23002019285837,2.49889847848907,2.63502756311016,0.306584245274675,0.294538640853591,0.286943158706236
NA,NA,NA,NA,NA,NA,NA,NA,NA,NA,NA,NA,NA,NA,NA,NA,NA,NA
NA,NA,NA,NA,NA,NA,NA,NA,NA,NA,NA,NA,NA,NA,NA,NA,NA,NA
NA,NA,NA,NA,NA,NA,NA,NA,NA,NA,NA,NA,NA,NA,NA,NA,NA,NA
NA,NA,NA,NA,NA,NA,NA,NA,NA,NA,NA,NA,NA,NA,NA,NA,NA,NA
NA,NA,NA,NA,NA,NA,NA,NA,NA,NA,NA,NA,NA,NA,NA,NA,NA,NA
6.98934718037454,0.839998769910799,3.30958670868983,1.43526734416056,0.0733195013941525,0.18876636284362,0.791667894883881,0.676286424469362,0.628407029032148,0.163352145595867,0.118725113453199,0.101434218996291,1.26315593503596,1.47866342398435,1.59132529363996,0.260638625797175,0.259585992590911,0.2568635150024
4.77236054572597,0.760010150601771,2.69420127391388,1.01771305345633,0.0854169533471361,0.233854214240335,1.48969301985817,1.18271670289098,1.06207165922676,0.468101264253309,0.316313255831614,0.261229212868994,0.671279241205819,0.845511015068652,0.941556053504005,0.210933834881875,0.226128828115917,0.231586959874214
3.94386217252732,0.840083263169875,2.71781571760236,0.77814526581444,0.073327145208096,0.272025092765512,2.02831678487436,1.53424536464414,1.34703771175261,0.725980390024192,0.468788381439192,0.379181273689054,0.493019634535018,0.651786228620572,0.742369713390517,0.176462862822233,0.199153159071309,0.208971650174032
4.60480202092548,0.640008670257231,2.46720089402202,1.06410982584193,0.0960009347488186,0.252744922087885,1.64836067246489,1.29760570798641,1.16056233703646,0.581700442925742,0.390160869832545,0.321164998955428,0.606663345410103,0.770650124182769,0.861651259986204,0.214089272224726,0.231717170275314,0.238446671223244
NA,NA,NA,NA,NA,NA,NA,NA,NA,NA,NA,NA,NA,NA,NA,NA,NA,NA
NA,NA,NA,NA,NA,NA,NA,NA,NA,NA,NA,NA,NA,NA,NA,NA,NA,NA
NA,NA,NA,NA,NA,NA,NA,NA,NA,NA,NA,NA,NA,NA,NA,NA,NA,NA
NA,NA,NA,NA,NA,NA,NA,NA,NA,NA,NA,NA,NA,NA,NA,NA,NA,NA
20.5869105291349,0.874998133410445,7.21776462163282,4.45423019944738,0.0675048467647809,0.149242145040148,0.19252177011619,0.182496930655973,0.178004474909303,0.0141330205287479,0.0113899192563077,0.0102107828397065,5.19421777286011,5.47954421154134,5.617836296023,0.381307456140233,0.341986935925387,0.32225317075281
NA,NA,NA,NA,NA,NA,NA,NA,NA,NA,NA,NA,NA,NA,NA,NA,NA,NA
15.5887245398057,1,7.27231057525818,2.87411706868888,0.199999800192675,0.174321430289347,0.214164014375552,0.199564758151297,0.19310634655313,0.0182533656306075,0.0145713729803085,0.0130210490499725,4.66931852634416,5.01090477729473,5.1784937048916,0.397969652164211,0.365875033022694,0.349182829772067
NA,NA,NA,NA,NA,NA,NA,NA,NA,NA,NA,NA,NA,NA,NA,NA,NA,NA
NA,NA,NA,NA,NA,NA,NA,NA,NA,NA,NA,NA,NA,NA,NA,NA,NA,NA
NA,NA,NA,NA,NA,NA,NA,NA,NA,NA,NA,NA,NA,NA,NA,NA,NA,NA
18.2749273423679,1,6.49947064345861,3.44415555067138,0.199999800196232,0.140301212631466,0.224521314657741,0.21139853935834,0.205548706258783,0.0167905408487785,0.0135619135220891,0.0121876910618036,4.45392011677997,4.73040165289367,4.86502697195774,0.333080749023718,0.303470867566145,0.288464212793016
NA,NA,NA,NA,NA,NA,NA,NA,NA,NA,NA,NA,NA,NA,NA,NA,NA,NA
NA,NA,NA,NA,NA,NA,NA,NA,NA,NA,NA,NA,NA,NA,NA,NA,NA,NA
NA,NA,NA,NA,NA,NA,NA,NA,NA,NA,NA,NA,NA,NA,NA,NA,NA,NA
12.3198943445153,1,5.52980375359905,2.26711396968384,0.199999800192675,0.168731785627991,0.316784259266628,0.28971117183154,0.277899073277312,0.0345660872123913,0.027138171891835,0.024067898637602,3.15672250355827,3.45171362801804,3.59842869645741,0.344447497536405,0.32333305328319,0.311647736351217
12.8583766036746,1,5.63494595922496,2.3788711904259,0.199999800196232,0.164773718994598,0.303659867197219,0.278749336046704,0.267850691988607,0.0318418052452845,0.0250819051149464,0.0222773007955337,3.29315826035887,3.58745249112433,3.73342324627086,0.345320917565122,0.32279948810957,0.310511024021367
6.2583512924815,0.280003059342549,3.41388853603006,2.10657161388971,0.089800071946443,0.389569385465496,0.720320775128299,0.603655514195186,0.555696784892088,0.241707642420911,0.169803725118507,0.14265133178706,1.38827038526257,1.65657395067986,1.79954253324354,0.465841849146749,0.465981708350251,0.461955415172146
11.5890014477757,0.559999582890453,3.54132299256185,2.97371588220377,0.0992771115028196,0.17205906690036,0.487421921208227,0.443200825622914,0.423957884766576,0.0742622531552538,0.0574446096086073,0.0505470350389138,2.05161064057437,2.25631348631743,2.35872485435807,0.31257771170546,0.292447666797485,0.281222621737625
5.91477359308862,0.520011394138373,3.88243234655686,1.44041885090886,0.0999217850731655,0.332497123709993,0.741218270650243,0.615172062988876,0.563903060724846,0.200954692150089,0.140826888829471,0.118247246011997,1.34913026242963,1.62556146509872,1.77335444626704,0.365768178270993,0.372128023204898,0.371862282862351
47.0925719505878,0.520005889019512,3.07770207990645,439.395456531256,0.0999196032689827,0.735290684888971,0.371047478615039,0.362461862408812,0.358521880549081,0.371158619934287,0.283407480594684,0.243772843453789,2.69507288860329,2.75891094680776,2.78923004216224,2.69588015444815,2.15718143537541,1.89650499819784
NA,NA,NA,NA,NA,NA,NA,NA,NA,NA,NA,NA,NA,NA,NA,NA,NA,NA
NA,NA,NA,NA,NA,NA,NA,NA,NA,NA,NA,NA,NA,NA,NA,NA,NA,NA
NA,NA,NA,NA,NA,NA,NA,NA,NA,NA,NA,NA,NA,NA,NA,NA,NA,NA
NA,NA,NA,NA,NA,NA,NA,NA,NA,NA,NA,NA,NA,NA,NA,NA,NA,NA
19.7471956097958,1,5.9707984212429,4.39710365500282,0.199999800196232,0.118046271750738,0.237610644872067,0.224729637047931,0.21896855124587,0.0194659714598192,0.0157448189582648,0.0141466404434639,4.20856565806812,4.44979137213984,4.56686585498365,0.344781771165338,0.311757543316138,0.295046064087273
NA,NA,NA,NA,NA,NA,NA,NA,NA,NA,NA,NA,NA,NA,NA,NA,NA,NA
NA,NA,NA,NA,NA,NA,NA,NA,NA,NA,NA,NA,NA,NA,NA,NA,NA,NA
15.2601339783637,1,6.19689423742243,2.89629396492243,0.199999800192675,0.155460048383053,0.253739520405126,0.236083273818485,0.228281266459909,0.0228751586926027,0.0182444956395598,0.0162966647840912,3.94104946049941,4.2357935139821,4.38056094355697,0.355294010489108,0.327341768207346,0.312721820631599
19.5534052846417,1,5.56694522651815,3.79410258962935,0.199999800199788,0.123465974303803,0.255733010441175,0.241736011183073,0.235478340217018,0.0190704518323154,0.0155558651133816,0.0140521406062249,3.91032819061903,4.13674402545954,4.24667508306027,0.291599920085009,0.266202092744475,0.253419806344474
NA,NA,NA,NA,NA,NA,NA,NA,NA,NA,NA,NA,NA,NA,NA,NA,NA,NA
NA,NA,NA,NA,NA,NA,NA,NA,NA,NA,NA,NA,NA,NA,NA,NA,NA,NA
NA,NA,NA,NA,NA,NA,NA,NA,NA,NA,NA,NA,NA,NA,NA,NA,NA,NA
NA,NA,NA,NA,NA,NA,NA,NA,NA,NA,NA,NA,NA,NA,NA,NA,NA,NA
4.18320418972282,0.640347476670374,3.97844575992866,0.899878555747532,0.0960535859104905,0.429541057183275,1.17760965328926,0.904939766404872,0.800313544029185,0.406398946496466,0.264434611937241,0.21454232373036,0.849177821536053,1.10504592363399,1.24951027939061,0.293055488375524,0.322908110392674,0.334959767787784
7.39186098166527,0.759998671839789,3.63895899949154,1.54789668630382,0.0854161812293206,0.209949763577415,0.674020584756005,0.580726039934892,0.541755461282838,0.132168305370354,0.0967751413078556,0.0829730847526495,1.48363421328148,1.72198236557829,1.84585125848491,0.290924972016807,0.286959900708358,0.282703145342348
8.64914465404482,0.639995476615103,3.63821521425611,2.03092948805064,0.096000117729108,0.196497040064938,0.580067712945699,0.510689942077315,0.481226585464679,0.105754916057724,0.0787350256249148,0.0679966286600086,1.72393666753456,1.95813529424985,2.07802318118893,0.314299130075899,0.301893223004715,0.293621705171907
NA,NA,NA,NA,NA,NA,NA,NA,NA,NA,NA,NA,NA,NA,NA,NA,NA,NA
NA,NA,NA,NA,NA,NA,NA,NA,NA,NA,NA,NA,NA,NA,NA,NA,NA,NA
NA,NA,NA,NA,NA,NA,NA,NA,NA,NA,NA,NA,NA,NA,NA,NA,NA,NA
NA,NA,NA,NA,NA,NA,NA,NA,NA,NA,NA,NA,NA,NA,NA,NA,NA,NA
NA,NA,NA,NA,NA,NA,NA,NA,NA,NA,NA,NA,NA,NA,NA,NA,NA,NA
NA,NA,NA,NA,NA,NA,NA,NA,NA,NA,NA,NA,NA,NA,NA,NA,NA,NA
NA,NA,NA,NA,NA,NA,NA,NA,NA,NA,NA,NA,NA,NA,NA,NA,NA,NA
NA,NA,NA,NA,NA,NA,NA,NA,NA,NA,NA,NA,NA,NA,NA,NA,NA,NA
NA,NA,NA,NA,NA,NA,NA,NA,NA,NA,NA,NA,NA,NA,NA,NA,NA,NA
NA,NA,NA,NA,NA,NA,NA,NA,NA,NA,NA,NA,NA,NA,NA,NA,NA,NA
NA,NA,NA,NA,NA,NA,NA,NA,NA,NA,NA,NA,NA,NA,NA,NA,NA,NA
NA,NA,NA,NA,NA,NA,NA,NA,NA,NA,NA,NA,NA,NA,NA,NA,NA,NA
NA,NA,NA,NA,NA,NA,NA,NA,NA,NA,NA,NA,NA,NA,NA,NA,NA,NA
NA,NA,NA,NA,NA,NA,NA,NA,NA,NA,NA,NA,NA,NA,NA,NA,NA,NA
NA,NA,NA,NA,NA,NA,NA,NA,NA,NA,NA,NA,NA,NA,NA,NA,NA,NA
NA,NA,NA,NA,NA,NA,NA,NA,NA,NA,NA,NA,NA,NA,NA,NA,NA,NA
NA,NA,NA,NA,NA,NA,NA,NA,NA,NA,NA,NA,NA,NA,NA,NA,NA,NA
NA,NA,NA,NA,NA,NA,NA,NA,NA,NA,NA,NA,NA,NA,NA,NA,NA,NA
NA,NA,NA,NA,NA,NA,NA,NA,NA,NA,NA,NA,NA,NA,NA,NA,NA,NA
NA,NA,NA,NA,NA,NA,NA,NA,NA,NA,NA,NA,NA,NA,NA,NA,NA,NA
10.3575247847113,0.935561843655646,19.248617751543,2.11655402740439,0.060472441805691,0.743826331353849,0.100555818212619,0.0904174374374512,0.0860484562505984,0.0132485146865285,0.0100435578806418,0.00874220369658044,9.94472540500406,11.0598135530193,11.6213589827539,1.31024582091418,1.22852273540376,1.18068692786819
9.42328027402001,0.908299028651003,19.7931776154597,1.98359039644827,0.076275870165483,0.894870059627211,0.104078596095959,0.0926035290053645,0.0876966458743289,0.0154964613910296,0.0116249393052822,0.0100699662027533,9.60812345199216,10.7987245274645,11.4029446625931,1.43057189181114,1.3556126699984,1.30936897551052
9.11639696785274,0.833851744582083,19.7923126848825,2.05300969081675,0.0894943718645296,0.964382287595253,0.105649563973229,0.0936303331119639,0.088504758365387,0.0168824673459602,0.0125411782099256,0.010806040444767,9.46525439757988,10.6802995008486,11.2988275259908,1.51251782098069,1.43055711673429,1.37953698173197
9.87338043819739,0.983378220110836,19.2202096673688,1.98390855993558,0.0457368617882074,0.75250755430815,0.104545934933596,0.0935176331731624,0.0887839167635558,0.0141674754087974,0.0106717710739759,0.00925915207137632,9.56517343916973,10.6931705398098,11.2633012425341,1.29621835192725,1.22025188388304,1.17463413230664
6.65300622057034,0.923023312675379,11.8570761508373,1.18328400536699,0.0545387827014958,0.673459285510561,0.235313471252323,0.199429730409476,0.184629971591746,0.0434838378731763,0.0313212384963548,0.0266527081835594,4.24965045425605,5.01429750693021,5.41623871454197,0.785297630378294,0.78751552130051,0.781874300616736
NA,NA,NA,NA,NA,NA,NA,NA,NA,NA,NA,NA,NA,NA,NA,NA,NA,NA
NA,NA,NA,NA,NA,NA,NA,NA,NA,NA,NA,NA,NA,NA,NA,NA,NA,NA
NA,NA,NA,NA,NA,NA,NA,NA,NA,NA,NA,NA,NA,NA,NA,NA,NA,NA
NA,NA,NA,NA,NA,NA,NA,NA,NA,NA,NA,NA,NA,NA,NA,NA,NA,NA
NA,NA,NA,NA,NA,NA,NA,NA,NA,NA,NA,NA,NA,NA,NA,NA,NA,NA
NA,NA,NA,NA,NA,NA,NA,NA,NA,NA,NA,NA,NA,NA,NA,NA,NA,NA
NA,NA,NA,NA,NA,NA,NA,NA,NA,NA,NA,NA,NA,NA,NA,NA,NA,NA
13.1939709989923,0.600000448335614,5.24111939113944,3.24573379129945,0.0979792064876941,0.197155995363406,0.309801304578194,0.284977838743247,0.274085605870921,0.0388581561881847,0.0302469459489173,0.0266726810704823,3.22787536792828,3.50904478892114,3.64849513648282,0.404870100123458,0.37244260301396,0.355053841128899
78.2011499999821,0.55997544110044,5.93008717621452,774.762381855886,0.0992782783665522,0.689962824866477,0.182840038828605,0.180281097652338,0.179099064385094,0.167772428530936,0.140251514397746,0.127660316665065,5.46926158190878,5.54689322964098,5.58350208826231,5.01854683332209,4.31526203129737,3.97987363660925
9.01455716569061,0.560000161898746,5.24957261578417,2.12011333539566,0.0992771187748325,0.288474255477208,0.384282920632815,0.340056077717109,0.321193824979777,0.0663492130074649,0.0496225490429793,0.0429568433532313,2.60224940091862,2.9406914492259,3.11338488547519,0.449297094744089,0.4291192400945,0.416387789622345
11.003960050699,0.679999937561798,5.41441839689195,2.40737319528785,0.0932947005053228,0.224282030912287,0.334039821748067,0.302219700570743,0.288433164050826,0.0457049398017545,0.0351355663949399,0.030818993886342,2.99365505216381,3.30885113747216,3.46700769757456,0.409606325468461,0.384681602860671,0.370448694369358
NA,NA,NA,NA,NA,NA,NA,NA,NA,NA,NA,NA,NA,NA,NA,NA,NA,NA
NA,NA,NA,NA,NA,NA,NA,NA,NA,NA,NA,NA,NA,NA,NA,NA,NA,NA
NA,NA,NA,NA,NA,NA,NA,NA,NA,NA,NA,NA,NA,NA,NA,NA,NA,NA
4.09635403767017,0.123644828554619,11.9300054443054,2.25115265541512,0.0674307094922348,3.04872131565933,0.27116861168266,0.206548317205377,0.181589932432417,0.195260616220919,0.121030356604843,0.0954796406602519,3.68774244848909,4.84148219423967,5.50691322258282,2.65543588724308,2.83694548758865,2.89552448528547
NA,NA,NA,NA,NA,NA,NA,NA,NA,NA,NA,NA,NA,NA,NA,NA,NA,NA
NA,NA,NA,NA,NA,NA,NA,NA,NA,NA,NA,NA,NA,NA,NA,NA,NA,NA
NA,NA,NA,NA,NA,NA,NA,NA,NA,NA,NA,NA,NA,NA,NA,NA,NA,NA
NA,NA,NA,NA,NA,NA,NA,NA,NA,NA,NA,NA,NA,NA,NA,NA,NA,NA
NA,NA,NA,NA,NA,NA,NA,NA,NA,NA,NA,NA,NA,NA,NA,NA,NA,NA
NA,NA,NA,NA,NA,NA,NA,NA,NA,NA,NA,NA,NA,NA,NA,NA,NA,NA
NA,NA,NA,NA,NA,NA,NA,NA,NA,NA,NA,NA,NA,NA,NA,NA,NA,NA
NA,NA,NA,NA,NA,NA,NA,NA,NA,NA,NA,NA,NA,NA,NA,NA,NA,NA
NA,NA,NA,NA,NA,NA,NA,NA,NA,NA,NA,NA,NA,NA,NA,NA,NA,NA
NA,NA,NA,NA,NA,NA,NA,NA,NA,NA,NA,NA,NA,NA,NA,NA,NA,NA
NA,NA,NA,NA,NA,NA,NA,NA,NA,NA,NA,NA,NA,NA,NA,NA,NA,NA
NA,NA,NA,NA,NA,NA,NA,NA,NA,NA,NA,NA,NA,NA,NA,NA,NA,NA
NA,NA,NA,NA,NA,NA,NA,NA,NA,NA,NA,NA,NA,NA,NA,NA,NA,NA
NA,NA,NA,NA,NA,NA,NA,NA,NA,NA,NA,NA,NA,NA,NA,NA,NA,NA
NA,NA,NA,NA,NA,NA,NA,NA,NA,NA,NA,NA,NA,NA,NA,NA,NA,NA
NA,NA,NA,NA,NA,NA,NA,NA,NA,NA,NA,NA,NA,NA,NA,NA,NA,NA
NA,NA,NA,NA,NA,NA,NA,NA,NA,NA,NA,NA,NA,NA,NA,NA,NA,NA
NA,NA,NA,NA,NA,NA,NA,NA,NA,NA,NA,NA,NA,NA,NA,NA,NA,NA
NA,NA,NA,NA,NA,NA,NA,NA,NA,NA,NA,NA,NA,NA,NA,NA,NA,NA
NA,NA,NA,NA,NA,NA,NA,NA,NA,NA,NA,NA,NA,NA,NA,NA,NA,NA
NA,NA,NA,NA,NA,NA,NA,NA,NA,NA,NA,NA,NA,NA,NA,NA,NA,NA
NA,NA,NA,NA,NA,NA,NA,NA,NA,NA,NA,NA,NA,NA,NA,NA,NA,NA
NA,NA,NA,NA,NA,NA,NA,NA,NA,NA,NA,NA,NA,NA,NA,NA,NA,NA
NA,NA,NA,NA,NA,NA,NA,NA,NA,NA,NA,NA,NA,NA,NA,NA,NA,NA
24.0713115672017,0.833377906687534,19.9627119174601,4.75384138536082,0.076075178353445,0.330228333701917,0.0662369009217896,0.0632754794464163,0.061940630804047,0.00396610043814879,0.00324422008782426,0.00293068760084438,15.0973246948973,15.8039102784963,16.144491701474,0.903990151320759,0.810288023737351,0.763867933491459
20.452464081997,0.880064545509473,18.8628430614264,3.64649057774672,0.0649943093985314,0.356602852419666,0.0738477724618654,0.0699778720240271,0.0682441159961393,0.00460362505673818,0.00372942273563162,0.00335422720595638,13.5413698567062,14.2902316271728,14.6532779478977,0.844160730874901,0.761588101871994,0.720214817524484
21.5565737075665,0.916708221992544,18.9202960735275,3.82637978473054,0.0564139821803405,0.341640836000214,0.0725214844900299,0.0689111010397561,0.0672904721578111,0.00429888538212135,0.00349601281608693,0.00315032298663637,13.7890172413318,14.5114500408734,14.8609449143822,0.817377154775837,0.736198008121075,0.695741534657676
NA,NA,NA,NA,NA,NA,NA,NA,NA,NA,NA,NA,NA,NA,NA,NA,NA,NA
NA,NA,NA,NA,NA,NA,NA,NA,NA,NA,NA,NA,NA,NA,NA,NA,NA,NA
NA,NA,NA,NA,NA,NA,NA,NA,NA,NA,NA,NA,NA,NA,NA,NA,NA,NA
NA,NA,NA,NA,NA,NA,NA,NA,NA,NA,NA,NA,NA,NA,NA,NA,NA,NA
105.351397474947,0.959987596643188,7.81992850273574,493.616196015521,0.039179978939257,0.83511969400494,0.13648996264946,0.135071353930953,0.134415338797787,0.0562308829217265,0.0490354126118443,0.0457316347758204,7.3265460740747,7.40349430798767,7.43962712101176,3.01837693054391,2.68771569689895,2.53115688588362
NA,NA,NA,NA,NA,NA,NA,NA,NA,NA,NA,NA,NA,NA,NA,NA,NA,NA
NA,NA,NA,NA,NA,NA,NA,NA,NA,NA,NA,NA,NA,NA,NA,NA,NA,NA
NA,NA,NA,NA,NA,NA,NA,NA,NA,NA,NA,NA,NA,NA,NA,NA,NA,NA
NA,NA,NA,NA,NA,NA,NA,NA,NA,NA,NA,NA,NA,NA,NA,NA,NA,NA
16.0427805595756,0.199999309311751,7.22184449764462,7.81285140206899,0.0799989391470055,0.385395944588163,0.192595861141608,0.179735118959728,0.173991540340362,0.0339990672278395,0.0261088050749134,0.0227938690669349,5.19221957352834,5.56374294454978,5.74740586837612,0.91658575265176,0.80820421110202,0.75294245100667
2.48661838341884,0.543981189518904,8.70558864527922,0.745279437794595,0.108625016057583,1.90813017005026,1.44544847931931,0.927860260996571,0.75442946657329,1.05342076826127,0.559349388202464,0.411325787582714,0.691826802758766,1.07774849515157,1.32550496011525,0.504192804166269,0.649707705718185,0.722684353967018
2.4514417396995,0.272783809106882,13.318346645344,1.1459850615172,0.11130499989875,5.30038323193157,0.738798489736739,0.47053146136212,0.380866855449623,0.732278279532765,0.374661344711562,0.269756277608298,1.35354905822335,2.12525640072004,2.62558945650305,1.34160341336402,1.69223842895774,1.8596242444823
96.1037021711068,0.200000179103697,6.97051170452862,2396.43524023693,0.0799992000906277,0.736789186853842,0.151584881922339,0.14984615123826,0.149035953017749,0.224157342949224,0.178480281426324,0.157367823880169,6.5969639407202,6.673511409779,6.70979035428391,9.75531259932166,7.94875400319939,7.08490190028216
NA,NA,NA,NA,NA,NA,NA,NA,NA,NA,NA,NA,NA,NA,NA,NA,NA,NA
NA,NA,NA,NA,NA,NA,NA,NA,NA,NA,NA,NA,NA,NA,NA,NA,NA,NA
NA,NA,NA,NA,NA,NA,NA,NA,NA,NA,NA,NA,NA,NA,NA,NA,NA,NA
NA,NA,NA,NA,NA,NA,NA,NA,NA,NA,NA,NA,NA,NA,NA,NA,NA,NA
NA,NA,NA,NA,NA,NA,NA,NA,NA,NA,NA,NA,NA,NA,NA,NA,NA,NA
NA,NA,NA,NA,NA,NA,NA,NA,NA,NA,NA,NA,NA,NA,NA,NA,NA,NA
NA,NA,NA,NA,NA,NA,NA,NA,NA,NA,NA,NA,NA,NA,NA,NA,NA,NA
NA,NA,NA,NA,NA,NA,NA,NA,NA,NA,NA,NA,NA,NA,NA,NA,NA,NA
NA,NA,NA,NA,NA,NA,NA,NA,NA,NA,NA,NA,NA,NA,NA,NA,NA,NA
NA,NA,NA,NA,NA,NA,NA,NA,NA,NA,NA,NA,NA,NA,NA,NA,NA,NA
NA,NA,NA,NA,NA,NA,NA,NA,NA,NA,NA,NA,NA,NA,NA,NA,NA,NA
NA,NA,NA,NA,NA,NA,NA,NA,NA,NA,NA,NA,NA,NA,NA,NA,NA,NA
NA,NA,NA,NA,NA,NA,NA,NA,NA,NA,NA,NA,NA,NA,NA,NA,NA,NA
NA,NA,NA,NA,NA,NA,NA,NA,NA,NA,NA,NA,NA,NA,NA,NA,NA,NA
NA,NA,NA,NA,NA,NA,NA,NA,NA,NA,NA,NA,NA,NA,NA,NA,NA,NA
NA,NA,NA,NA,NA,NA,NA,NA,NA,NA,NA,NA,NA,NA,NA,NA,NA,NA
NA,NA,NA,NA,NA,NA,NA,NA,NA,NA,NA,NA,NA,NA,NA,NA,NA,NA
NA,NA,NA,NA,NA,NA,NA,NA,NA,NA,NA,NA,NA,NA,NA,NA,NA,NA
NA,NA,NA,NA,NA,NA,NA,NA,NA,NA,NA,NA,NA,NA,NA,NA,NA,NA
NA,NA,NA,NA,NA,NA,NA,NA,NA,NA,NA,NA,NA,NA,NA,NA,NA,NA
NA,NA,NA,NA,NA,NA,NA,NA,NA,NA,NA,NA,NA,NA,NA,NA,NA,NA
NA,NA,NA,NA,NA,NA,NA,NA,NA,NA,NA,NA,NA,NA,NA,NA,NA,NA
NA,NA,NA,NA,NA,NA,NA,NA,NA,NA,NA,NA,NA,NA,NA,NA,NA,NA
NA,NA,NA,NA,NA,NA,NA,NA,NA,NA,NA,NA,NA,NA,NA,NA,NA,NA
NA,NA,NA,NA,NA,NA,NA,NA,NA,NA,NA,NA,NA,NA,NA,NA,NA,NA
NA,NA,NA,NA,NA,NA,NA,NA,NA,NA,NA,NA,NA,NA,NA,NA,NA,NA
NA,NA,NA,NA,NA,NA,NA,NA,NA,NA,NA,NA,NA,NA,NA,NA,NA,NA
NA,NA,NA,NA,NA,NA,NA,NA,NA,NA,NA,NA,NA,NA,NA,NA,NA,NA
NA,NA,NA,NA,NA,NA,NA,NA,NA,NA,NA,NA,NA,NA,NA,NA,NA,NA
NA,NA,NA,NA,NA,NA,NA,NA,NA,NA,NA,NA,NA,NA,NA,NA,NA,NA
NA,NA,NA,NA,NA,NA,NA,NA,NA,NA,NA,NA,NA,NA,NA,NA,NA,NA
NA,NA,NA,NA,NA,NA,NA,NA,NA,NA,NA,NA,NA,NA,NA,NA,NA,NA
NA,NA,NA,NA,NA,NA,NA,NA,NA,NA,NA,NA,NA,NA,NA,NA,NA,NA
18.528694321417,1,6.17355443370913,3.79552936513942,0.199999800196232,0.130152916184332,0.235153960953893,0.221592434250226,0.21554334024253,0.0186009822387234,0.014978023837353,0.0134321995940343,4.25253308914525,4.51278945232752,4.63943816995134,0.3363808635836,0.305031479159574,0.289119856047733
18.088710141876,1,6.30071096897124,3.52048385693032,0.199999800203344,0.137425396290122,0.232506835748676,0.218781637447432,0.212666052765046,0.0180188929699987,0.0145205166374146,0.0130317896238477,4.30094881632183,4.57076750895183,4.70220793115864,0.333316378166687,0.303361408360592,0.288142765287263
NA,NA,NA,NA,NA,NA,NA,NA,NA,NA,NA,NA,NA,NA,NA,NA,NA,NA
9.7630716923571,1,5.70051190829681,1.76680026378159,0.1999998002069,0.210358975752071,0.355895075085773,0.317952935654479,0.301682599732849,0.0471728741256367,0.0360553585664633,0.0315687215274723,2.80981690954558,3.14511956916386,3.31474205302373,0.37243319357014,0.356651570356421,0.346861797465191
9.376144598348,1,5.80388226353592,1.66208928158692,0.199999800192675,0.224462642826557,0.359911728833947,0.320048985428848,0.303013841096579,0.0493708879371896,0.0376612838886909,0.0329548418595214,2.77845904950036,3.12452169988933,3.30017928019754,0.381135093361299,0.367673400364732,0.358917222703089
17.341257877604,1,5.75067586956892,3.45783777171599,0.199999800189119,0.132395134744962,0.258972640395198,0.243046879179997,0.235964485000846,0.0221982534976849,0.0179226910865019,0.0161041154837246,3.86141176331978,4.11443258754792,4.23792588955247,0.3309870766669,0.303405271080425,0.289230169262864
15.458428471615,1,5.57289719259454,2.91141956669145,0.199999800196232,0.142756552603175,0.280517362366873,0.261239382477046,0.252714942070139,0.0251670932187547,0.0201507351825013,0.018038366928005,3.56484173229946,3.82790676703527,3.95702759721448,0.319825851169783,0.295266107408632,0.282445965236935
NA,NA,NA,NA,NA,NA,NA,NA,NA,NA,NA,NA,NA,NA,NA,NA,NA,NA
12.4218130460672,1,5.48078978558338,2.27831151713058,0.199999800192675,0.167999562597751,0.318150429324762,0.291173935241093,0.279397605397654,0.0344017336344974,0.0270462263674927,0.0240040491210702,3.14316721848337,3.43437333830034,3.57912874226945,0.339871933061488,0.319008082441315,0.307495771188852
9.27211397995909,1,5.54425508446716,1.63156559973892,0.199999800199788,0.219967514797793,0.379892522721208,0.337372146206422,0.319218992445803,0.0523276291121165,0.0398830682295511,0.0348890770132553,2.63232346042744,2.964085835907,3.13264568733259,0.362584777277799,0.350404853989913,0.342382875790653
NA,NA,NA,NA,NA,NA,NA,NA,NA,NA,NA,NA,NA,NA,NA,NA,NA,NA
671.255387384467,0.039997651435115,19.4852950083214,NA,0.0391778454982291,0.00635904411245389,0.0516016106664608,0.0515131854271415,0.0514697374096798,0.285668486674717,0.263894410549363,0.2431563971522,19.379240048605,19.4125055887752,19.4288925945041,107.284212761779,99.447387637902,91.7871308791291
328.279490263153,0.0400001276530657,8.49405885521874,NA,0.0391801714916812,0,0.119050552511428,0.118633780818805,0.118429273128004,NA,NA,NA,8.39979301989389,8.42930228724103,8.44385829269721,NA,NA,NA
435.275005662054,0.0400050996954391,13.4853071779936,61379.0299765154,0.0391848417035821,69.4964737381133,0.0747815729439886,0.0745840461960053,0.0744870592192401,0.382030894624804,0.379860364433093,0.379541463276358,13.3722782315504,13.4076930791877,13.4251507641974,68.3139336985779,68.2860670482114,68.4065315392805
296.344615316745,0.0399995344078883,9.48777470622211,32093.7546958917,0.0391796142546755,55.4089724289254,0.106709868932733,0.106296120471607,0.106093153328815,0.642812872666997,0.630792796955141,0.626025870266947,9.37120446310706,9.40768106647044,9.42567893048378,56.451487772672,55.8279777893298,55.6182813892315
NA,NA,NA,NA,NA,NA,NA,NA,NA,NA,NA,NA,NA,NA,NA,NA,NA,NA
NA,NA,NA,NA,NA,NA,NA,NA,NA,NA,NA,NA,NA,NA,NA,NA,NA,NA
NA,NA,NA,NA,NA,NA,NA,NA,NA,NA,NA,NA,NA,NA,NA,NA,NA,NA
NA,NA,NA,NA,NA,NA,NA,NA,NA,NA,NA,NA,NA,NA,NA,NA,NA,NA
NA,NA,NA,NA,NA,NA,NA,NA,NA,NA,NA,NA,NA,NA,NA,NA,NA,NA
NA,NA,NA,NA,NA,NA,NA,NA,NA,NA,NA,NA,NA,NA,NA,NA,NA,NA
NA,NA,NA,NA,NA,NA,NA,NA,NA,NA,NA,NA,NA,NA,NA,NA,NA,NA
NA,NA,NA,NA,NA,NA,NA,NA,NA,NA,NA,NA,NA,NA,NA,NA,NA,NA
NA,NA,NA,NA,NA,NA,NA,NA,NA,NA,NA,NA,NA,NA,NA,NA,NA,NA
NA,NA,NA,NA,NA,NA,NA,NA,NA,NA,NA,NA,NA,NA,NA,NA,NA,NA
NA,NA,NA,NA,NA,NA,NA,NA,NA,NA,NA,NA,NA,NA,NA,NA,NA,NA
NA,NA,NA,NA,NA,NA,NA,NA,NA,NA,NA,NA,NA,NA,NA,NA,NA,NA
NA,NA,NA,NA,NA,NA,NA,NA,NA,NA,NA,NA,NA,NA,NA,NA,NA,NA
NA,NA,NA,NA,NA,NA,NA,NA,NA,NA,NA,NA,NA,NA,NA,NA,NA,NA
NA,NA,NA,NA,NA,NA,NA,NA,NA,NA,NA,NA,NA,NA,NA,NA,NA,NA
NA,NA,NA,NA,NA,NA,NA,NA,NA,NA,NA,NA,NA,NA,NA,NA,NA,NA
14.1541604991925,0.963526580115829,18.845271663149,2.50299474759903,0.0395102483586222,0.490311162855964,0.0862139436920423,0.079763606901963,0.0769249249713607,0.00751644766883165,0.00591587544928053,0.00524637670944195,11.59905181431,12.5370458889741,12.9996876873432,1.01124785895132,0.92984262951203,0.886595063151356
NA,NA,NA,NA,NA,NA,NA,NA,NA,NA,NA,NA,NA,NA,NA,NA,NA,NA
23.9346449096238,0.960018945606416,18.0859498832108,4.2423979611858,0.0391775041118379,0.275078329992698,0.0736615290087888,0.0703507145678451,0.0688591432785933,0.00392209729065741,0.00320081815890428,0.0028879893161976,13.5756074229831,14.2144966990437,14.5223996754383,0.722831222881051,0.646731443077335,0.609077213443281
12.383691788612,1,19.3116022530494,2.02241659327151,0.199999800199788,0.562647464132985,0.0904483598125726,0.0827565206940186,0.0793993986020839,0.00860747988546636,0.00676365652857841,0.0060033665927976,11.0560324374284,12.0836399550601,12.5945538329777,1.05214264819649,0.987590942509745,0.952270735840371
12.7816865106757,1,8.56954246191749,2.19106201507591,0.199999800199788,0.246757708634411,0.200317633329607,0.183790298511139,0.176562141568518,0.0195418481407217,0.0154023314468426,0.0136883752198588,4.99207175812915,5.44098359979208,5.66372831183593,0.486998106873735,0.455975279869045,0.439093214360803
12.5069025963248,1,8.26826227980776,2.19611357425548,0.199999800192675,0.240226487472719,0.210096373950082,0.192397903171923,0.184668364138767,0.0210004592832078,0.0164563700706799,0.0145793926543119,4.75972041401151,5.19756184196259,5.41511267868578,0.475764111843507,0.444563062936037,0.427518023339274
12.8727760081141,1,8.18915961471947,2.2297478944943,0.199999800192675,0.234528155180869,0.208822299985371,0.191710058961966,0.184222727139475,0.0202562066569929,0.0159513469136923,0.014168440067963,4.78876058768654,5.21621038256731,5.42821190157988,0.464519948788213,0.434017817519122,0.417479950481408
10.6937130444534,1,8.40771237369979,1.79212553733313,0.199999800199788,0.288919593267953,0.226892524953159,0.20470187194711,0.195116746750746,0.0262138295753265,0.0203645439125032,0.0179814524428434,4.407373051212,4.88515317660786,5.1251367022712,0.509201993601198,0.485994170146327,0.472319282735317
NA,NA,NA,NA,NA,NA,NA,NA,NA,NA,NA,NA,NA,NA,NA,NA,NA,NA
NA,NA,NA,NA,NA,NA,NA,NA,NA,NA,NA,NA,NA,NA,NA,NA,NA,NA
14.6841049414946,1,4.85087444145655,3.00376700926036,0.199999800185563,0.130232303063461,0.329953637138938,0.306126754874253,0.295619998542745,0.0338584878002271,0.0269619720451425,0.0240636590473905,3.03072882805931,3.26662071863261,3.3827210774964,0.311000951347092,0.28770610570786,0.275355683183
NA,NA,NA,NA,NA,NA,NA,NA,NA,NA,NA,NA,NA,NA,NA,NA,NA,NA
8.4851791913392,1,3.43769821198416,2.31450696805875,0.199999800192675,0.230714123189307,0.656505988052878,0.576641858698341,0.54282263332305,0.174011984012823,0.133084367001519,0.116680934784047,1.52321535248427,1.73417864991159,1.84222237359228,0.403739996874532,0.400234676705577,0.395989804837242
NA,NA,NA,NA,NA,NA,NA,NA,NA,NA,NA,NA,NA,NA,NA,NA,NA,NA
10.2047690230345,1,3.50356185295461,3.55926093678316,0.199999800196232,0.231124728729613,0.561600942396404,0.504182547075209,0.479471322801228,0.160492240830545,0.125485095230711,0.111132846939857,1.78062379263985,1.98340860031958,2.08563046932124,0.508860083705557,0.493647030299495,0.483411709309398
NA,NA,NA,NA,NA,NA,NA,NA,NA,NA,NA,NA,NA,NA,NA,NA,NA,NA
6.35506692615033,0.480001268376177,3.72094646454262,1.9977405998648,0.0999199763349091,0.361180176633803,0.709758002238039,0.596687672611253,0.550238499921589,0.246979456352266,0.176662795205473,0.149772606879749,1.40893092694518,1.6759186520877,1.81739373043236,0.490275549240105,0.496193380900791,0.494686934433985
57.0422158573821,0.480005007421463,3.95168247942748,985.47687913287,0.0999197879589288,0.830721162690158,0.281972443010956,0.27657343143273,0.274087522750292,0.586274527943559,0.482674548299135,0.435583517739805,3.54644584882766,3.61567629551296,3.6484696200894,7.37373781528729,6.31005991317386,5.79819619491839
8.59022441509232,0.833331948170489,3.63116274752691,2.70671239588406,0.0760709311113635,0.231643421847496,0.602434840081819,0.529963672666481,0.499227450019455,0.170950496294258,0.129482370314023,0.112851048657579,1.65993055757563,1.88692178648502,2.00309498197872,0.471031775972684,0.461018590730859,0.452802363468242
53.7095862742663,0.600008134884122,3.9253639356896,688.022523079564,0.0979785787979806,0.947959928718233,0.286967107493872,0.281139406341086,0.278460799264837,0.506955406898089,0.422772055554989,0.384595967031503,3.4847199343965,3.55695422784941,3.59116975401958,6.15609791552706,5.34887965367073,4.95994196658132
NA,NA,NA,NA,NA,NA,NA,NA,NA,NA,NA,NA,NA,NA,NA,NA,NA,NA
NA,NA,NA,NA,NA,NA,NA,NA,NA,NA,NA,NA,NA,NA,NA,NA,NA,NA
NA,NA,NA,NA,NA,NA,NA,NA,NA,NA,NA,NA,NA,NA,NA,NA,NA,NA
NA,NA,NA,NA,NA,NA,NA,NA,NA,NA,NA,NA,NA,NA,NA,NA,NA,NA
NA,NA,NA,NA,NA,NA,NA,NA,NA,NA,NA,NA,NA,NA,NA,NA,NA,NA
NA,NA,NA,NA,NA,NA,NA,NA,NA,NA,NA,NA,NA,NA,NA,NA,NA,NA
NA,NA,NA,NA,NA,NA,NA,NA,NA,NA,NA,NA,NA,NA,NA,NA,NA,NA
NA,NA,NA,NA,NA,NA,NA,NA,NA,NA,NA,NA,NA,NA,NA,NA,NA,NA
NA,NA,NA,NA,NA,NA,NA,NA,NA,NA,NA,NA,NA,NA,NA,NA,NA,NA
NA,NA,NA,NA,NA,NA,NA,NA,NA,NA,NA,NA,NA,NA,NA,NA,NA,NA
NA,NA,NA,NA,NA,NA,NA,NA,NA,NA,NA,NA,NA,NA,NA,NA,NA,NA
NA,NA,NA,NA,NA,NA,NA,NA,NA,NA,NA,NA,NA,NA,NA,NA,NA,NA
NA,NA,NA,NA,NA,NA,NA,NA,NA,NA,NA,NA,NA,NA,NA,NA,NA,NA
NA,NA,NA,NA,NA,NA,NA,NA,NA,NA,NA,NA,NA,NA,NA,NA,NA,NA
NA,NA,NA,NA,NA,NA,NA,NA,NA,NA,NA,NA,NA,NA,NA,NA,NA,NA
NA,NA,NA,NA,NA,NA,NA,NA,NA,NA,NA,NA,NA,NA,NA,NA,NA,NA
NA,NA,NA,NA,NA,NA,NA,NA,NA,NA,NA,NA,NA,NA,NA,NA,NA,NA
NA,NA,NA,NA,NA,NA,NA,NA,NA,NA,NA,NA,NA,NA,NA,NA,NA,NA
NA,NA,NA,NA,NA,NA,NA,NA,NA,NA,NA,NA,NA,NA,NA,NA,NA,NA
NA,NA,NA,NA,NA,NA,NA,NA,NA,NA,NA,NA,NA,NA,NA,NA,NA,NA
NA,NA,NA,NA,NA,NA,NA,NA,NA,NA,NA,NA,NA,NA,NA,NA,NA,NA
NA,NA,NA,NA,NA,NA,NA,NA,NA,NA,NA,NA,NA,NA,NA,NA,NA,NA
NA,NA,NA,NA,NA,NA,NA,NA,NA,NA,NA,NA,NA,NA,NA,NA,NA,NA
NA,NA,NA,NA,NA,NA,NA,NA,NA,NA,NA,NA,NA,NA,NA,NA,NA,NA
NA,NA,NA,NA,NA,NA,NA,NA,NA,NA,NA,NA,NA,NA,NA,NA,NA,NA
NA,NA,NA,NA,NA,NA,NA,NA,NA,NA,NA,NA,NA,NA,NA,NA,NA,NA
NA,NA,NA,NA,NA,NA,NA,NA,NA,NA,NA,NA,NA,NA,NA,NA,NA,NA
NA,NA,NA,NA,NA,NA,NA,NA,NA,NA,NA,NA,NA,NA,NA,NA,NA,NA
18.8948032431815,0.476976434973826,26.3147787889414,6.31336460791059,0.116770124565895,0.880301829554583,0.0526635861327556,0.0496777813663025,0.0483419029070209,0.0055152006457703,0.00428679106051918,0.00376438396281429,18.9884524285752,20.1297234396688,20.6859875152901,1.98856805596685,1.73703245432029,1.61081784073141
25.3447400282931,0.776913075064603,25.8167314641555,5.80586871510551,0.0890853912082684,0.430436317377934,0.050363855812848,0.0482224741458844,0.0472554499442955,0.00300898399240884,0.00242362678285128,0.00216929203699613,19.8555091515629,20.7372188530759,21.1615803294392,1.18626559134376,1.04223766831451,0.971436051355339
29.9814021975659,0.856313006077017,26.3044350064294,6.33834766880403,0.0764048556150567,0.351820335031646,0.0476177808779011,0.0459009140041078,0.0451219434678638,0.00229887771385567,0.00187615129370058,0.00169086900087288,21.0005586477065,21.7860585501741,22.1621659694735,1.01385901156382,0.890482092140642,0.830489924634374
NA,NA,NA,NA,NA,NA,NA,NA,NA,NA,NA,NA,NA,NA,NA,NA,NA,NA
12.6968474035213,1,11.4601797460902,2.13643226040179,0.199999800199788,0.325758606942585,0.150332705720003,0.137850071658119,0.132393166285236,0.0145192090974983,0.0114410808881791,0.0101672964277923,6.65191247114594,7.25425810789635,7.55325994580065,0.64244508607932,0.60207842330333,0.580061909688535
14.7465218957994,1,11.0603918435861,2.61164700929643,0.204123941303225,0.274962304904431,0.144423485914833,0.134036775275606,0.129455555403003,0.0124724473102758,0.00992031393999599,0.00885118287868646,6.92408159009332,7.46063905181098,7.72465883667129,0.597965367318553,0.552175934065676,0.528153216955359
14.653101966135,1,10.8429855051207,2.55518591429295,0.199999800192675,0.264575893096141,0.147759793795579,0.137067903911256,0.132353735430753,0.0126240555819318,0.0100317957493458,0.0089462603427221,6.76774090104287,7.29565398948134,7.5555102146943,0.578210994372915,0.533958049929486,0.510703843626054
12.4937242585082,1,11.6643340213447,2.09560826520177,0.199999800192675,0.337029335105707,0.149013573165151,0.136448037555179,0.130960606494101,0.0145915078502912,0.0114841040813415,0.0102000464544513,6.71079807536528,7.32879723239408,7.63588400184327,0.657125795446074,0.616825802084735,0.594731298400876
13.6394885886271,1,5.4829177852949,2.53636455404756,0.199999800196232,0.15517082036485,0.302625837920831,0.279165225949127,0.268863718649617,0.0301499783208539,0.0238829387030804,0.0212703205870048,3.30441051190615,3.58210803870763,3.71935642719872,0.329211497543165,0.306453880225956,0.294245367062531
17.020382665365,1,5.56364641133937,3.24589703142771,0.199999800192675,0.133959934760106,0.269695814562301,0.252807949506061,0.245304316486965,0.022466233138704,0.0181356452839125,0.0162991216138482,3.70788104970386,3.95557181628905,4.07656911350412,0.308874352567997,0.283760251587895,0.270865579129716
10.9353577271205,1,5.64361012637359,1.97108111901962,0.199999800199788,0.191336788993126,0.333228938089476,0.301322845528434,0.287517990062301,0.0402038745419021,0.0312249639568874,0.0275552570313452,3.00093985154281,3.31869957701444,3.47804323403664,0.362061620431134,0.343904473934867,0.333330012703706
21.8562253349997,1,5.61798237154523,4.42703546420151,0.199999800192675,0.117154302350197,0.244152070345007,0.232161711779833,0.226777690283848,0.0173781964466255,0.0142984198338538,0.0129702531341333,4.09580798797617,4.30734246544639,4.40960483700289,0.291530420864865,0.265281430202175,0.252201576291915
NA,NA,NA,NA,NA,NA,NA,NA,NA,NA,NA,NA,NA,NA,NA,NA,NA,NA
12.6798057960481,1,3.96035178275854,2.79764081554295,0.199999800203344,0.12160952906325,0.435340078503479,0.399145811847199,0.383324496276122,0.0556690768855141,0.0437284874980361,0.0387644744446084,2.29705476104473,2.5053501009371,2.60875579232397,0.293735689446322,0.274474057638293,0.263815770257795
14.1069857237364,1,4.17313672457703,3.06152525322994,0.199999800192675,0.116267058866063,0.390991378957173,0.361646158673882,0.348735271895528,0.0428111296840849,0.0337759540515824,0.0299932136398954,2.55760114882107,2.76513375302227,2.86750461048739,0.280041454505668,0.258249751444975,0.246621679327861
10.1338264952289,1,4.1765569424422,1.94589258170617,0.199999800196232,0.155999011942758,0.473344069196201,0.42462837657117,0.40367425639267,0.0656349227560633,0.0505200071727448,0.0443848551014352,2.11262813897326,2.35500040782695,2.47724491756358,0.292941633237873,0.280185319822341,0.272378421401912
6.62630257324995,0.680051508671555,3.82327663350112,1.43757990265021,0.0933018581522317,0.257669594903399,0.699740907107357,0.592570185178196,0.548360143906759,0.158143646591045,0.113816785915699,0.0968082811745613,1.42910038536103,1.68756381102651,1.82361904144885,0.322981183449644,0.324135594066254,0.321944304088378
4.9369989804508,0.52057119131013,4.02469207193172,1.23185515914496,0.100034722863226,0.399728569456035,0.881712953041734,0.705254706698659,0.63543255205636,0.289819770202122,0.195071694621961,0.160646410512368,1.13415595920441,1.4179274388413,1.57373114859137,0.372797993197261,0.392195196598572,0.397861675978926
9.23975480727855,0.640001464469814,3.99275828726821,2.22745314275704,0.0959998645034125,0.202340152562367,0.503919052995915,0.447275969206432,0.423075148947894,0.091265556200711,0.0688183655216059,0.0598035945673977,1.98444570423517,2.23575615245823,2.36364627534093,0.359406019419954,0.343995865438589,0.334112140367379
7.30991076018418,0.680007985160496,3.40571196769529,1.65178822065035,0.0932958880703441,0.210422850200744,0.716463711544161,0.616238009876092,0.574412223652614,0.151827488321823,0.110790908434802,0.0948178311819858,1.39574410243995,1.62274962591332,1.74091002736872,0.295775372847189,0.291747510435654,0.287370822348485
NA,NA,NA,NA,NA,NA,NA,NA,NA,NA,NA,NA,NA,NA,NA,NA,NA,NA
NA,NA,NA,NA,NA,NA,NA,NA,NA,NA,NA,NA,NA,NA,NA,NA,NA,NA
NA,NA,NA,NA,NA,NA,NA,NA,NA,NA,NA,NA,NA,NA,NA,NA,NA,NA
NA,NA,NA,NA,NA,NA,NA,NA,NA,NA,NA,NA,NA,NA,NA,NA,NA,NA
NA,NA,NA,NA,NA,NA,NA,NA,NA,NA,NA,NA,NA,NA,NA,NA,NA,NA
NA,NA,NA,NA,NA,NA,NA,NA,NA,NA,NA,NA,NA,NA,NA,NA,NA,NA
NA,NA,NA,NA,NA,NA,NA,NA,NA,NA,NA,NA,NA,NA,NA,NA,NA,NA
NA,NA,NA,NA,NA,NA,NA,NA,NA,NA,NA,NA,NA,NA,NA,NA,NA,NA
NA,NA,NA,NA,NA,NA,NA,NA,NA,NA,NA,NA,NA,NA,NA,NA,NA,NA
NA,NA,NA,NA,NA,NA,NA,NA,NA,NA,NA,NA,NA,NA,NA,NA,NA,NA
NA,NA,NA,NA,NA,NA,NA,NA,NA,NA,NA,NA,NA,NA,NA,NA,NA,NA
NA,NA,NA,NA,NA,NA,NA,NA,NA,NA,NA,NA,NA,NA,NA,NA,NA,NA
NA,NA,NA,NA,NA,NA,NA,NA,NA,NA,NA,NA,NA,NA,NA,NA,NA,NA
NA,NA,NA,NA,NA,NA,NA,NA,NA,NA,NA,NA,NA,NA,NA,NA,NA,NA
NA,NA,NA,NA,NA,NA,NA,NA,NA,NA,NA,NA,NA,NA,NA,NA,NA,NA
NA,NA,NA,NA,NA,NA,NA,NA,NA,NA,NA,NA,NA,NA,NA,NA,NA,NA
NA,NA,NA,NA,NA,NA,NA,NA,NA,NA,NA,NA,NA,NA,NA,NA,NA,NA
NA,NA,NA,NA,NA,NA,NA,NA,NA,NA,NA,NA,NA,NA,NA,NA,NA,NA
NA,NA,NA,NA,NA,NA,NA,NA,NA,NA,NA,NA,NA,NA,NA,NA,NA,NA
NA,NA,NA,NA,NA,NA,NA,NA,NA,NA,NA,NA,NA,NA,NA,NA,NA,NA
NA,NA,NA,NA,NA,NA,NA,NA,NA,NA,NA,NA,NA,NA,NA,NA,NA,NA
NA,NA,NA,NA,NA,NA,NA,NA,NA,NA,NA,NA,NA,NA,NA,NA,NA,NA
NA,NA,NA,NA,NA,NA,NA,NA,NA,NA,NA,NA,NA,NA,NA,NA,NA,NA
NA,NA,NA,NA,NA,NA,NA,NA,NA,NA,NA,NA,NA,NA,NA,NA,NA,NA
NA,NA,NA,NA,NA,NA,NA,NA,NA,NA,NA,NA,NA,NA,NA,NA,NA,NA
NA,NA,NA,NA,NA,NA,NA,NA,NA,NA,NA,NA,NA,NA,NA,NA,NA,NA
NA,NA,NA,NA,NA,NA,NA,NA,NA,NA,NA,NA,NA,NA,NA,NA,NA,NA
NA,NA,NA,NA,NA,NA,NA,NA,NA,NA,NA,NA,NA,NA,NA,NA,NA,NA
